feature_set,model,test_file,feature,importance
full,xgb_per_bssid,RogueAP_23.csv,fixed_beacon_ratio,0.40063759684562683
full,xgb_per_bssid,RogueAP_23.csv,fixed_beacon_present_ratio,0.20680055022239685
full,xgb_per_bssid,RogueAP_23.csv,radiotap_signal_dbm_std,0.03627130016684532
full,xgb_per_bssid,RogueAP_23.csv,radiotap_signal_dbm_max,0.03575914353132248
full,xgb_per_bssid,RogueAP_23.csv,cap_ess_present_ratio,0.026298806071281433
full,xgb_per_bssid,RogueAP_23.csv,fc_subtype_0_ratio,0.012030603364109993
full,xgb_per_bssid,RogueAP_23.csv,cap_ess_ratio,0.01095021516084671
full,xgb_per_bssid,RogueAP_23.csv,radiotap_signal_dbm_mean,0.010487640276551247
full,xgb_per_bssid,RogueAP_23.csv,seq_present_ratio,0.009695738554000854
full,xgb_per_bssid,RogueAP_23.csv,fc_subtype_11_ratio,0.008779640309512615
full,xgb_per_bssid,RogueAP_23.csv,fc_ds_00000000_ratio,0.008057666942477226
full,xgb_per_bssid,RogueAP_23.csv,fc_type_2_ratio,0.007658500224351883
full,xgb_per_bssid,RogueAP_23.csv,radiotap_signal_dbm_p25,0.00745583139359951
full,xgb_per_bssid,RogueAP_23.csv,frame_len_std,0.0074267154559493065
full,xgb_per_bssid,RogueAP_23.csv,fc_type_nunique,0.006787500809878111
full,rf_per_bssid,RogueAP_23.csv,cap_ess_present_ratio,0.10203081542833527
full,rf_per_bssid,RogueAP_23.csv,ssid_nunique,0.08801775213401705
full,rf_per_bssid,RogueAP_23.csv,fixed_beacon_present_ratio,0.0874275404680594
full,rf_per_bssid,RogueAP_23.csv,cap_ess_ratio,0.08022316345151966
full,rf_per_bssid,RogueAP_23.csv,fixed_beacon_ratio,0.07799549041098693
full,rf_per_bssid,RogueAP_23.csv,tag_length_present_ratio,0.07436260699081923
full,rf_per_bssid,RogueAP_23.csv,ssid_present_ratio,0.06771052285757925
full,rf_per_bssid,RogueAP_23.csv,cap_ibss_present_ratio,0.06078698486108594
full,rf_per_bssid,RogueAP_23.csv,fc_type_0_ratio,0.03812488324917019
full,rf_per_bssid,RogueAP_23.csv,fc_type_nunique,0.02964765059775611
full,rf_per_bssid,RogueAP_23.csv,radiotap_datarate_range,0.021384239502458734
full,rf_per_bssid,RogueAP_23.csv,radiotap_datarate_mean,0.019857507719467943
full,rf_per_bssid,RogueAP_23.csv,radiotap_datarate_min,0.01891303815767273
full,rf_per_bssid,RogueAP_23.csv,radio_data_rate_min,0.018714128384422955
full,rf_per_bssid,RogueAP_23.csv,radiotap_signal_dbm_range,0.01589765369669447
full,xgb_per_bssid,RogueAP_24.csv,fixed_beacon_ratio,0.42076191306114197
full,xgb_per_bssid,RogueAP_24.csv,fixed_beacon_present_ratio,0.19594372808933258
full,xgb_per_bssid,RogueAP_24.csv,radiotap_signal_dbm_max,0.038848042488098145
full,xgb_per_bssid,RogueAP_24.csv,radiotap_signal_dbm_mean,0.02769523859024048
full,xgb_per_bssid,RogueAP_24.csv,cap_ess_present_ratio,0.01628110185265541
full,xgb_per_bssid,RogueAP_24.csv,tag_length_present_ratio,0.01215825043618679
full,xgb_per_bssid,RogueAP_24.csv,beacon_ratio,0.011950882151722908
full,xgb_per_bssid,RogueAP_24.csv,cap_ess_ratio,0.010594944469630718
full,xgb_per_bssid,RogueAP_24.csv,seq_present_ratio,0.010469104163348675
full,xgb_per_bssid,RogueAP_24.csv,fc_subtype_11_ratio,0.009839287027716637
full,xgb_per_bssid,RogueAP_24.csv,fc_type_1_ratio,0.009675675071775913
full,xgb_per_bssid,RogueAP_24.csv,fc_subtype_0_ratio,0.008907984010875225
full,xgb_per_bssid,RogueAP_24.csv,fc_type_nunique,0.008208946324884892
full,xgb_per_bssid,RogueAP_24.csv,radiotap_signal_dbm_p25,0.006915489677339792
full,xgb_per_bssid,RogueAP_24.csv,wlan_duration_p50,0.006265310570597649
full,rf_per_bssid,RogueAP_24.csv,cap_ess_present_ratio,0.10123287515661407
full,rf_per_bssid,RogueAP_24.csv,ssid_nunique,0.08762702289269955
full,rf_per_bssid,RogueAP_24.csv,fixed_beacon_ratio,0.08431384997127651
full,rf_per_bssid,RogueAP_24.csv,cap_ess_ratio,0.07917913608781886
full,rf_per_bssid,RogueAP_24.csv,fixed_beacon_present_ratio,0.07747896483058327
full,rf_per_bssid,RogueAP_24.csv,ssid_present_ratio,0.07187071307350205
full,rf_per_bssid,RogueAP_24.csv,tag_length_present_ratio,0.06133860674917489
full,rf_per_bssid,RogueAP_24.csv,cap_ibss_present_ratio,0.05684348781544719
full,rf_per_bssid,RogueAP_24.csv,fc_type_0_ratio,0.04260217373500189
full,rf_per_bssid,RogueAP_24.csv,fc_type_nunique,0.03424688246216764
full,rf_per_bssid,RogueAP_24.csv,radiotap_datarate_range,0.0224915659144891
full,rf_per_bssid,RogueAP_24.csv,radiotap_datarate_mean,0.020913024476919895
full,rf_per_bssid,RogueAP_24.csv,radiotap_signal_dbm_range,0.018066024424616176
full,rf_per_bssid,RogueAP_24.csv,radiotap_datarate_min,0.017850014756457627
full,rf_per_bssid,RogueAP_24.csv,radio_data_rate_min,0.017601258529250683
full,xgb_per_bssid,RogueAP_25.csv,fixed_beacon_ratio,0.40396031737327576
full,xgb_per_bssid,RogueAP_25.csv,fixed_beacon_present_ratio,0.19418974220752716
full,xgb_per_bssid,RogueAP_25.csv,radiotap_signal_dbm_max,0.037176668643951416
full,xgb_per_bssid,RogueAP_25.csv,cap_ess_present_ratio,0.02747454307973385
full,xgb_per_bssid,RogueAP_25.csv,radiotap_signal_dbm_std,0.01934032142162323
full,xgb_per_bssid,RogueAP_25.csv,radiotap_signal_dbm_mean,0.01446065679192543
full,xgb_per_bssid,RogueAP_25.csv,fc_subtype_0_ratio,0.014040540903806686
full,xgb_per_bssid,RogueAP_25.csv,ssid_present_ratio,0.012212295085191727
full,xgb_per_bssid,RogueAP_25.csv,fc_type_1_ratio,0.01119061280041933
full,xgb_per_bssid,RogueAP_25.csv,radiotap_signal_dbm_range,0.011108314618468285
full,xgb_per_bssid,RogueAP_25.csv,fc_subtype_11_ratio,0.010999483987689018
full,xgb_per_bssid,RogueAP_25.csv,frame_len_std,0.008871502242982388
full,xgb_per_bssid,RogueAP_25.csv,moredata_ratio,0.008063027635216713
full,xgb_per_bssid,RogueAP_25.csv,seq_present_ratio,0.007441163994371891
full,xgb_per_bssid,RogueAP_25.csv,fc_type_0_ratio,0.0073805139400064945
full,rf_per_bssid,RogueAP_25.csv,cap_ess_present_ratio,0.0934858568715451
full,rf_per_bssid,RogueAP_25.csv,ssid_nunique,0.09102848874236293
full,rf_per_bssid,RogueAP_25.csv,cap_ess_ratio,0.08401451678188498
full,rf_per_bssid,RogueAP_25.csv,fixed_beacon_present_ratio,0.08382285939570198
full,rf_per_bssid,RogueAP_25.csv,fixed_beacon_ratio,0.08276887904111212
full,rf_per_bssid,RogueAP_25.csv,ssid_present_ratio,0.06843535824470832
full,rf_per_bssid,RogueAP_25.csv,tag_length_present_ratio,0.0593838199417251
full,rf_per_bssid,RogueAP_25.csv,cap_ibss_present_ratio,0.0498332160796005
full,rf_per_bssid,RogueAP_25.csv,fc_type_0_ratio,0.04311394653299924
full,rf_per_bssid,RogueAP_25.csv,fc_type_nunique,0.03798089316124646
full,rf_per_bssid,RogueAP_25.csv,radiotap_datarate_range,0.02665508583414638
full,rf_per_bssid,RogueAP_25.csv,radiotap_datarate_min,0.02060050001956971
full,rf_per_bssid,RogueAP_25.csv,radio_data_rate_min,0.019552761562603237
full,rf_per_bssid,RogueAP_25.csv,radiotap_datarate_mean,0.018306986967204168
full,rf_per_bssid,RogueAP_25.csv,radiotap_signal_dbm_range,0.01752327777639481
full,xgb_per_bssid,RogueAP_26.csv,fixed_beacon_ratio,0.41198229789733887
full,xgb_per_bssid,RogueAP_26.csv,fixed_beacon_present_ratio,0.18948452174663544
full,xgb_per_bssid,RogueAP_26.csv,radiotap_signal_dbm_std,0.03021765686571598
full,xgb_per_bssid,RogueAP_26.csv,radiotap_signal_dbm_max,0.029178436845541
full,xgb_per_bssid,RogueAP_26.csv,cap_ess_present_ratio,0.024528536945581436
full,xgb_per_bssid,RogueAP_26.csv,fc_subtype_0_ratio,0.014820974320173264
full,xgb_per_bssid,RogueAP_26.csv,fc_subtype_11_ratio,0.010659296996891499
full,xgb_per_bssid,RogueAP_26.csv,cap_ess_ratio,0.010364008136093616
full,xgb_per_bssid,RogueAP_26.csv,fc_type_nunique,0.008816907182335854
full,xgb_per_bssid,RogueAP_26.csv,radiotap_signal_dbm_range,0.008504645898938179
full,xgb_per_bssid,RogueAP_26.csv,seq_present_ratio,0.00830056145787239
full,xgb_per_bssid,RogueAP_26.csv,radio_data_rate_max,0.008182044140994549
full,xgb_per_bssid,RogueAP_26.csv,radiotap_signal_dbm_mean,0.007764029782265425
full,xgb_per_bssid,RogueAP_26.csv,frame_len_std,0.007657293230295181
full,xgb_per_bssid,RogueAP_26.csv,beacon_ratio,0.007619625888764858
full,rf_per_bssid,RogueAP_26.csv,cap_ess_present_ratio,0.10635592355415226
full,rf_per_bssid,RogueAP_26.csv,ssid_nunique,0.09307940694130527
full,rf_per_bssid,RogueAP_26.csv,fixed_beacon_present_ratio,0.08956909396406172
full,rf_per_bssid,RogueAP_26.csv,cap_ess_ratio,0.08367046388580725
full,rf_per_bssid,RogueAP_26.csv,tag_length_present_ratio,0.07040177978890798
full,rf_per_bssid,RogueAP_26.csv,fixed_beacon_ratio,0.06891753282570308
full,rf_per_bssid,RogueAP_26.csv,ssid_present_ratio,0.06507168648370885
full,rf_per_bssid,RogueAP_26.csv,cap_ibss_present_ratio,0.05496491050296932
full,rf_per_bssid,RogueAP_26.csv,fc_type_0_ratio,0.03918959994711986
full,rf_per_bssid,RogueAP_26.csv,fc_type_nunique,0.02812034165627128
full,rf_per_bssid,RogueAP_26.csv,radiotap_datarate_range,0.021624842644281838
full,rf_per_bssid,RogueAP_26.csv,radiotap_datarate_mean,0.021147093779547755
full,rf_per_bssid,RogueAP_26.csv,radiotap_datarate_min,0.01941493893843959
full,rf_per_bssid,RogueAP_26.csv,radio_data_rate_min,0.019213092784138904
full,rf_per_bssid,RogueAP_26.csv,radiotap_signal_dbm_range,0.01896284255414456
full,xgb_per_bssid,RogueAP_27.csv,fixed_beacon_ratio,0.3687881529331207
full,xgb_per_bssid,RogueAP_27.csv,fixed_beacon_present_ratio,0.20424909889698029
full,xgb_per_bssid,RogueAP_27.csv,cap_ess_present_ratio,0.038698967546224594
full,xgb_per_bssid,RogueAP_27.csv,radiotap_signal_dbm_max,0.035440508276224136
full,xgb_per_bssid,RogueAP_27.csv,radiotap_signal_dbm_std,0.025926847010850906
full,xgb_per_bssid,RogueAP_27.csv,fc_subtype_0_ratio,0.014700031839311123
full,xgb_per_bssid,RogueAP_27.csv,seq_present_ratio,0.013477002270519733
full,xgb_per_bssid,RogueAP_27.csv,fc_type_1_ratio,0.011048142798244953
full,xgb_per_bssid,RogueAP_27.csv,radiotap_signal_dbm_mean,0.010064567439258099
full,xgb_per_bssid,RogueAP_27.csv,radiotap_signal_dbm_range,0.009882360696792603
full,xgb_per_bssid,RogueAP_27.csv,fc_type_2_ratio,0.009759742766618729
full,xgb_per_bssid,RogueAP_27.csv,moredata_ratio,0.009284313768148422
full,xgb_per_bssid,RogueAP_27.csv,iat_std,0.008463593199849129
full,xgb_per_bssid,RogueAP_27.csv,fc_subtype_8_ratio,0.007779023144394159
full,xgb_per_bssid,RogueAP_27.csv,fc_type_0_ratio,0.007579537574201822
full,rf_per_bssid,RogueAP_27.csv,cap_ess_present_ratio,0.094518797637672
full,rf_per_bssid,RogueAP_27.csv,fixed_beacon_present_ratio,0.09066507932754911
full,rf_per_bssid,RogueAP_27.csv,ssid_nunique,0.0903730452949829
full,rf_per_bssid,RogueAP_27.csv,fixed_beacon_ratio,0.0826503267702583
full,rf_per_bssid,RogueAP_27.csv,cap_ess_ratio,0.08158621505695236
full,rf_per_bssid,RogueAP_27.csv,ssid_present_ratio,0.07463859306125444
full,rf_per_bssid,RogueAP_27.csv,tag_length_present_ratio,0.06612979300533821
full,rf_per_bssid,RogueAP_27.csv,cap_ibss_present_ratio,0.05044538848570544
full,rf_per_bssid,RogueAP_27.csv,fc_type_0_ratio,0.03924091681823729
full,rf_per_bssid,RogueAP_27.csv,fc_type_nunique,0.03587540969648826
full,rf_per_bssid,RogueAP_27.csv,radiotap_datarate_range,0.021790141858644443
full,rf_per_bssid,RogueAP_27.csv,radiotap_datarate_mean,0.02040757941862837
full,rf_per_bssid,RogueAP_27.csv,radiotap_datarate_min,0.01967435182468984
full,rf_per_bssid,RogueAP_27.csv,radio_data_rate_min,0.017504988336306555
full,rf_per_bssid,RogueAP_27.csv,radiotap_datarate_std,0.015414973967103287
full,xgb_per_bssid,RogueAP_28.csv,fixed_beacon_ratio,0.39200395345687866
full,xgb_per_bssid,RogueAP_28.csv,fixed_beacon_present_ratio,0.2004058063030243
full,xgb_per_bssid,RogueAP_28.csv,radiotap_signal_dbm_max,0.03410637751221657
full,xgb_per_bssid,RogueAP_28.csv,cap_ess_present_ratio,0.02698923647403717
full,xgb_per_bssid,RogueAP_28.csv,radiotap_signal_dbm_std,0.020222581923007965
full,xgb_per_bssid,RogueAP_28.csv,fc_subtype_0_ratio,0.011212375946342945
full,xgb_per_bssid,RogueAP_28.csv,radiotap_signal_dbm_mean,0.010787607170641422
full,xgb_per_bssid,RogueAP_28.csv,radiotap_signal_dbm_range,0.010652748867869377
full,xgb_per_bssid,RogueAP_28.csv,cap_ess_ratio,0.010411681607365608
full,xgb_per_bssid,RogueAP_28.csv,fc_type_1_ratio,0.010005970485508442
full,xgb_per_bssid,RogueAP_28.csv,seq_present_ratio,0.009839622303843498
full,xgb_per_bssid,RogueAP_28.csv,fc_subtype_11_ratio,0.009087350219488144
full,xgb_per_bssid,RogueAP_28.csv,fc_ds_00000000_ratio,0.008887366391718388
full,xgb_per_bssid,RogueAP_28.csv,frame_len_std,0.008466164581477642
full,xgb_per_bssid,RogueAP_28.csv,fc_type_2_ratio,0.007358713075518608
full,rf_per_bssid,RogueAP_28.csv,fixed_beacon_ratio,0.09592071696972182
full,rf_per_bssid,RogueAP_28.csv,cap_ess_present_ratio,0.0935304505012913
full,rf_per_bssid,RogueAP_28.csv,ssid_nunique,0.08905750677946608
full,rf_per_bssid,RogueAP_28.csv,cap_ess_ratio,0.08322403541294596
full,rf_per_bssid,RogueAP_28.csv,fixed_beacon_present_ratio,0.08111894167801036
full,rf_per_bssid,RogueAP_28.csv,cap_ibss_present_ratio,0.06610932373024037
full,rf_per_bssid,RogueAP_28.csv,tag_length_present_ratio,0.06500350416105169
full,rf_per_bssid,RogueAP_28.csv,ssid_present_ratio,0.061031819290637945
full,rf_per_bssid,RogueAP_28.csv,fc_type_0_ratio,0.04069107175263574
full,rf_per_bssid,RogueAP_28.csv,fc_type_nunique,0.02766634377953499
full,rf_per_bssid,RogueAP_28.csv,radiotap_datarate_range,0.02099689432066483
full,rf_per_bssid,RogueAP_28.csv,radio_data_rate_min,0.02081651204708794
full,rf_per_bssid,RogueAP_28.csv,radiotap_datarate_min,0.020319495996817403
full,rf_per_bssid,RogueAP_28.csv,radiotap_datarate_mean,0.020071459365507346
full,rf_per_bssid,RogueAP_28.csv,radiotap_signal_dbm_range,0.01595766685193013
full,xgb_per_bssid,RogueAP_29.csv,fixed_beacon_ratio,0.42413124442100525
full,xgb_per_bssid,RogueAP_29.csv,fixed_beacon_present_ratio,0.18324014544487
full,xgb_per_bssid,RogueAP_29.csv,radiotap_signal_dbm_max,0.031912144273519516
full,xgb_per_bssid,RogueAP_29.csv,radiotap_signal_dbm_std,0.02606724575161934
full,xgb_per_bssid,RogueAP_29.csv,cap_ess_present_ratio,0.025368373841047287
full,xgb_per_bssid,RogueAP_29.csv,radiotap_signal_dbm_mean,0.020696384832262993
full,xgb_per_bssid,RogueAP_29.csv,fc_subtype_0_ratio,0.012734298594295979
full,xgb_per_bssid,RogueAP_29.csv,radiotap_signal_dbm_range,0.01149183139204979
full,xgb_per_bssid,RogueAP_29.csv,frame_len_p50,0.009625641629099846
full,xgb_per_bssid,RogueAP_29.csv,seq_present_ratio,0.009127028286457062
full,xgb_per_bssid,RogueAP_29.csv,fc_subtype_11_ratio,0.008856873959302902
full,xgb_per_bssid,RogueAP_29.csv,fc_type_1_ratio,0.008522995747625828
full,xgb_per_bssid,RogueAP_29.csv,moredata_ratio,0.007647971622645855
full,xgb_per_bssid,RogueAP_29.csv,fc_type_0_ratio,0.007219209801405668
full,xgb_per_bssid,RogueAP_29.csv,beacon_iat_mean,0.007106268312782049
full,rf_per_bssid,RogueAP_29.csv,cap_ess_present_ratio,0.09751274356794923
full,rf_per_bssid,RogueAP_29.csv,ssid_nunique,0.09075411957463315
full,rf_per_bssid,RogueAP_29.csv,fixed_beacon_present_ratio,0.08262847951466298
full,rf_per_bssid,RogueAP_29.csv,ssid_present_ratio,0.08161669450777927
full,rf_per_bssid,RogueAP_29.csv,cap_ess_ratio,0.07942844920000969
full,rf_per_bssid,RogueAP_29.csv,fixed_beacon_ratio,0.07761426010222694
full,rf_per_bssid,RogueAP_29.csv,cap_ibss_present_ratio,0.05670680844560721
full,rf_per_bssid,RogueAP_29.csv,tag_length_present_ratio,0.05638307297797766
full,rf_per_bssid,RogueAP_29.csv,fc_type_0_ratio,0.04760672117921606
full,rf_per_bssid,RogueAP_29.csv,fc_type_nunique,0.034394125876351475
full,rf_per_bssid,RogueAP_29.csv,radiotap_datarate_mean,0.025396119689374514
full,rf_per_bssid,RogueAP_29.csv,radiotap_datarate_range,0.022714276230953987
full,rf_per_bssid,RogueAP_29.csv,radiotap_datarate_min,0.020927818887160127
full,rf_per_bssid,RogueAP_29.csv,radio_data_rate_min,0.016845501194271757
full,rf_per_bssid,RogueAP_29.csv,radiotap_signal_dbm_mean,0.015859241868877678
full,xgb_per_bssid,RogueAP_30.csv,fixed_beacon_ratio,0.3394564092159271
full,xgb_per_bssid,RogueAP_30.csv,fixed_beacon_present_ratio,0.2125198245048523
full,xgb_per_bssid,RogueAP_30.csv,cap_ess_present_ratio,0.041143748909235
full,xgb_per_bssid,RogueAP_30.csv,radiotap_signal_dbm_max,0.03647338226437569
full,xgb_per_bssid,RogueAP_30.csv,radiotap_signal_dbm_std,0.035157687962055206
full,xgb_per_bssid,RogueAP_30.csv,fc_subtype_0_ratio,0.015420348383486271
full,xgb_per_bssid,RogueAP_30.csv,moredata_ratio,0.011747498996555805
full,xgb_per_bssid,RogueAP_30.csv,radiotap_signal_dbm_mean,0.011661187745630741
full,xgb_per_bssid,RogueAP_30.csv,radiotap_signal_dbm_range,0.011358749121427536
full,xgb_per_bssid,RogueAP_30.csv,fc_type_1_ratio,0.009677859954535961
full,xgb_per_bssid,RogueAP_30.csv,fc_subtype_11_ratio,0.009623296558856964
full,xgb_per_bssid,RogueAP_30.csv,frame_len_std,0.008884686976671219
full,xgb_per_bssid,RogueAP_30.csv,seq_present_ratio,0.008842527866363525
full,xgb_per_bssid,RogueAP_30.csv,radiotap_signal_dbm_min,0.008576235733926296
full,xgb_per_bssid,RogueAP_30.csv,radiotap_signal_dbm_p25,0.008067278191447258
full,rf_per_bssid,RogueAP_30.csv,cap_ess_present_ratio,0.10328634692509053
full,rf_per_bssid,RogueAP_30.csv,fixed_beacon_present_ratio,0.0972125571761434
full,rf_per_bssid,RogueAP_30.csv,ssid_nunique,0.08743014829992511
full,rf_per_bssid,RogueAP_30.csv,cap_ess_ratio,0.08642671575156376
full,rf_per_bssid,RogueAP_30.csv,fixed_beacon_ratio,0.0690475461310304
full,rf_per_bssid,RogueAP_30.csv,cap_ibss_present_ratio,0.06342652225122397
full,rf_per_bssid,RogueAP_30.csv,ssid_present_ratio,0.06275644647853101
full,rf_per_bssid,RogueAP_30.csv,tag_length_present_ratio,0.06111617440079376
full,rf_per_bssid,RogueAP_30.csv,fc_type_0_ratio,0.038697832712170616
full,rf_per_bssid,RogueAP_30.csv,fc_type_nunique,0.027424878410376784
full,rf_per_bssid,RogueAP_30.csv,radiotap_datarate_range,0.022832123908417636
full,rf_per_bssid,RogueAP_30.csv,radiotap_datarate_mean,0.022487654129789102
full,rf_per_bssid,RogueAP_30.csv,radiotap_datarate_min,0.019976287870224287
full,rf_per_bssid,RogueAP_30.csv,radio_data_rate_min,0.018084037573117988
full,rf_per_bssid,RogueAP_30.csv,radiotap_signal_dbm_range,0.017392648729153627
full,xgb_per_bssid,RogueAP_31.csv,fixed_beacon_ratio,0.47756069898605347
full,xgb_per_bssid,RogueAP_31.csv,fixed_beacon_present_ratio,0.15916213393211365
full,xgb_per_bssid,RogueAP_31.csv,cap_ess_present_ratio,0.03353678435087204
full,xgb_per_bssid,RogueAP_31.csv,radiotap_signal_dbm_std,0.029487313702702522
full,xgb_per_bssid,RogueAP_31.csv,radiotap_signal_dbm_range,0.028075985610485077
full,xgb_per_bssid,RogueAP_31.csv,radiotap_signal_dbm_max,0.02363305538892746
full,xgb_per_bssid,RogueAP_31.csv,fc_subtype_0_ratio,0.010623816400766373
full,xgb_per_bssid,RogueAP_31.csv,cap_ess_ratio,0.009274043142795563
full,xgb_per_bssid,RogueAP_31.csv,fc_subtype_11_ratio,0.009004627354443073
full,xgb_per_bssid,RogueAP_31.csv,moredata_ratio,0.008268077857792377
full,xgb_per_bssid,RogueAP_31.csv,fc_type_1_ratio,0.007941916584968567
full,xgb_per_bssid,RogueAP_31.csv,wlan_duration_p50,0.007371767424046993
full,xgb_per_bssid,RogueAP_31.csv,seq_present_ratio,0.007315660361200571
full,xgb_per_bssid,RogueAP_31.csv,fc_type_2_ratio,0.006775762420147657
full,xgb_per_bssid,RogueAP_31.csv,frame_len_p50,0.006759613752365112
full,rf_per_bssid,RogueAP_31.csv,cap_ess_present_ratio,0.09458571258699597
full,rf_per_bssid,RogueAP_31.csv,ssid_nunique,0.08825155055412362
full,rf_per_bssid,RogueAP_31.csv,fixed_beacon_ratio,0.08613346888209221
full,rf_per_bssid,RogueAP_31.csv,fixed_beacon_present_ratio,0.08234847899037272
full,rf_per_bssid,RogueAP_31.csv,cap_ess_ratio,0.07658443979441494
full,rf_per_bssid,RogueAP_31.csv,tag_length_present_ratio,0.0638056503573485
full,rf_per_bssid,RogueAP_31.csv,ssid_present_ratio,0.062024790123493365
full,rf_per_bssid,RogueAP_31.csv,cap_ibss_present_ratio,0.05635052877845802
full,rf_per_bssid,RogueAP_31.csv,fc_type_0_ratio,0.04090993434044178
full,rf_per_bssid,RogueAP_31.csv,fc_type_nunique,0.03518694732354173
full,rf_per_bssid,RogueAP_31.csv,radiotap_datarate_range,0.023953918200380297
full,rf_per_bssid,RogueAP_31.csv,radiotap_datarate_min,0.02382765000634642
full,rf_per_bssid,RogueAP_31.csv,radiotap_datarate_mean,0.023421299510646355
full,rf_per_bssid,RogueAP_31.csv,radio_data_rate_min,0.01924123627525947
full,rf_per_bssid,RogueAP_31.csv,radiotap_signal_dbm_range,0.016860075848033666
full,xgb_per_bssid,RogueAP_32.csv,fixed_beacon_ratio,0.39056023955345154
full,xgb_per_bssid,RogueAP_32.csv,fixed_beacon_present_ratio,0.19095639884471893
full,xgb_per_bssid,RogueAP_32.csv,cap_ess_present_ratio,0.042839858680963516
full,xgb_per_bssid,RogueAP_32.csv,radiotap_signal_dbm_max,0.03477481007575989
full,xgb_per_bssid,RogueAP_32.csv,radiotap_signal_dbm_std,0.018541643396019936
full,xgb_per_bssid,RogueAP_32.csv,radiotap_signal_dbm_p25,0.01610681600868702
full,xgb_per_bssid,RogueAP_32.csv,fc_subtype_0_ratio,0.013643980957567692
full,xgb_per_bssid,RogueAP_32.csv,fc_subtype_11_ratio,0.01136525347828865
full,xgb_per_bssid,RogueAP_32.csv,radiotap_signal_dbm_mean,0.011188007891178131
full,xgb_per_bssid,RogueAP_32.csv,frame_len_p50,0.010808508843183517
full,xgb_per_bssid,RogueAP_32.csv,cap_ess_ratio,0.010561463423073292
full,xgb_per_bssid,RogueAP_32.csv,fc_type_1_ratio,0.009565100073814392
full,xgb_per_bssid,RogueAP_32.csv,frame_len_std,0.008456275798380375
full,xgb_per_bssid,RogueAP_32.csv,seq_present_ratio,0.007904530502855778
full,xgb_per_bssid,RogueAP_32.csv,fc_type_2_ratio,0.007725065108388662
full,rf_per_bssid,RogueAP_32.csv,cap_ess_present_ratio,0.0961041529674453
full,rf_per_bssid,RogueAP_32.csv,ssid_nunique,0.08876203388204257
full,rf_per_bssid,RogueAP_32.csv,fixed_beacon_present_ratio,0.08475379812860859
full,rf_per_bssid,RogueAP_32.csv,fixed_beacon_ratio,0.07648548814567192
full,rf_per_bssid,RogueAP_32.csv,cap_ess_ratio,0.07207872795253455
full,rf_per_bssid,RogueAP_32.csv,cap_ibss_present_ratio,0.06823024207816682
full,rf_per_bssid,RogueAP_32.csv,ssid_present_ratio,0.06703224561902826
full,rf_per_bssid,RogueAP_32.csv,tag_length_present_ratio,0.06510718425302327
full,rf_per_bssid,RogueAP_32.csv,fc_type_0_ratio,0.04223915839710569
full,rf_per_bssid,RogueAP_32.csv,fc_type_nunique,0.03411901598384648
full,rf_per_bssid,RogueAP_32.csv,radiotap_datarate_mean,0.022220326294101835
full,rf_per_bssid,RogueAP_32.csv,radio_data_rate_min,0.022157352397866772
full,rf_per_bssid,RogueAP_32.csv,radiotap_datarate_range,0.02150025029007847
full,rf_per_bssid,RogueAP_32.csv,radiotap_datarate_min,0.01916511843228452
full,rf_per_bssid,RogueAP_32.csv,radiotap_signal_dbm_range,0.017635525175003944
full,xgb_per_bssid,RogueAP_33.csv,fixed_beacon_ratio,0.38753509521484375
full,xgb_per_bssid,RogueAP_33.csv,fixed_beacon_present_ratio,0.19505111873149872
full,xgb_per_bssid,RogueAP_33.csv,cap_ess_present_ratio,0.037081558257341385
full,xgb_per_bssid,RogueAP_33.csv,radiotap_signal_dbm_max,0.03466056287288666
full,xgb_per_bssid,RogueAP_33.csv,radiotap_signal_dbm_std,0.024081453680992126
full,xgb_per_bssid,RogueAP_33.csv,fc_subtype_0_ratio,0.012860890477895737
full,xgb_per_bssid,RogueAP_33.csv,radiotap_signal_dbm_mean,0.012570532970130444
full,xgb_per_bssid,RogueAP_33.csv,cap_ess_ratio,0.010333294980227947
full,xgb_per_bssid,RogueAP_33.csv,fc_subtype_11_ratio,0.009457710199058056
full,xgb_per_bssid,RogueAP_33.csv,radiotap_signal_dbm_p25,0.008804872632026672
full,xgb_per_bssid,RogueAP_33.csv,seq_present_ratio,0.008469874039292336
full,xgb_per_bssid,RogueAP_33.csv,fc_type_1_ratio,0.008457459509372711
full,xgb_per_bssid,RogueAP_33.csv,fc_type_nunique,0.008258580230176449
full,xgb_per_bssid,RogueAP_33.csv,fc_type_2_ratio,0.00723219383507967
full,xgb_per_bssid,RogueAP_33.csv,fc_subtype_8_ratio,0.00696771964430809
full,rf_per_bssid,RogueAP_33.csv,ssid_nunique,0.09375030399179941
full,rf_per_bssid,RogueAP_33.csv,cap_ess_present_ratio,0.09043032595902721
full,rf_per_bssid,RogueAP_33.csv,cap_ess_ratio,0.08382338752688537
full,rf_per_bssid,RogueAP_33.csv,fixed_beacon_ratio,0.08350112433462817
full,rf_per_bssid,RogueAP_33.csv,fixed_beacon_present_ratio,0.07499042299926183
full,rf_per_bssid,RogueAP_33.csv,ssid_present_ratio,0.07389734277191479
full,rf_per_bssid,RogueAP_33.csv,cap_ibss_present_ratio,0.059611359630276015
full,rf_per_bssid,RogueAP_33.csv,tag_length_present_ratio,0.05933285254805565
full,rf_per_bssid,RogueAP_33.csv,fc_type_0_ratio,0.03962134489490782
full,rf_per_bssid,RogueAP_33.csv,fc_type_nunique,0.034056178417754046
full,rf_per_bssid,RogueAP_33.csv,radiotap_datarate_range,0.024344026421757734
full,rf_per_bssid,RogueAP_33.csv,radiotap_datarate_min,0.02327199936576601
full,rf_per_bssid,RogueAP_33.csv,radiotap_datarate_mean,0.022409439433971577
full,rf_per_bssid,RogueAP_33.csv,radiotap_signal_dbm_range,0.017144771118387896
full,rf_per_bssid,RogueAP_33.csv,radio_data_rate_min,0.01702134207857245
full,xgb_per_bssid,RogueAP_34.csv,fixed_beacon_ratio,0.3663165271282196
full,xgb_per_bssid,RogueAP_34.csv,fixed_beacon_present_ratio,0.1931968629360199
full,xgb_per_bssid,RogueAP_34.csv,cap_ess_present_ratio,0.03950938582420349
full,xgb_per_bssid,RogueAP_34.csv,radiotap_signal_dbm_max,0.03595329076051712
full,xgb_per_bssid,RogueAP_34.csv,radiotap_signal_dbm_std,0.03179151192307472
full,xgb_per_bssid,RogueAP_34.csv,radiotap_signal_dbm_mean,0.013756993226706982
full,xgb_per_bssid,RogueAP_34.csv,fc_subtype_0_ratio,0.011460774578154087
full,xgb_per_bssid,RogueAP_34.csv,fc_subtype_11_ratio,0.011218303814530373
full,xgb_per_bssid,RogueAP_34.csv,cap_ess_ratio,0.010770578868687153
full,xgb_per_bssid,RogueAP_34.csv,seq_present_ratio,0.010241931304335594
full,xgb_per_bssid,RogueAP_34.csv,frame_len_p50,0.009112437255680561
full,xgb_per_bssid,RogueAP_34.csv,fc_type_1_ratio,0.00897394958883524
full,xgb_per_bssid,RogueAP_34.csv,frame_len_std,0.008486558683216572
full,xgb_per_bssid,RogueAP_34.csv,radiotap_datarate_max,0.007869703695178032
full,xgb_per_bssid,RogueAP_34.csv,fc_type_2_ratio,0.007751405239105225
full,rf_per_bssid,RogueAP_34.csv,cap_ess_present_ratio,0.09707524802445985
full,rf_per_bssid,RogueAP_34.csv,fixed_beacon_ratio,0.08711007172164968
full,rf_per_bssid,RogueAP_34.csv,ssid_nunique,0.08678787101101204
full,rf_per_bssid,RogueAP_34.csv,fixed_beacon_present_ratio,0.08465564810605072
full,rf_per_bssid,RogueAP_34.csv,cap_ess_ratio,0.07278799673219892
full,rf_per_bssid,RogueAP_34.csv,ssid_present_ratio,0.0712454914569345
full,rf_per_bssid,RogueAP_34.csv,cap_ibss_present_ratio,0.06756207051113455
full,rf_per_bssid,RogueAP_34.csv,tag_length_present_ratio,0.06531970132666853
full,rf_per_bssid,RogueAP_34.csv,fc_type_0_ratio,0.03959946473593712
full,rf_per_bssid,RogueAP_34.csv,fc_type_nunique,0.0302110792252015
full,rf_per_bssid,RogueAP_34.csv,radiotap_datarate_range,0.02330349261190422
full,rf_per_bssid,RogueAP_34.csv,radiotap_datarate_mean,0.02202195776953831
full,rf_per_bssid,RogueAP_34.csv,radio_data_rate_min,0.018799546144129486
full,rf_per_bssid,RogueAP_34.csv,radiotap_datarate_min,0.01873413093722839
full,rf_per_bssid,RogueAP_34.csv,radiotap_signal_dbm_range,0.016970576279579454
full,xgb_per_bssid,RogueAP_35.csv,fixed_beacon_ratio,0.4043937921524048
full,xgb_per_bssid,RogueAP_35.csv,fixed_beacon_present_ratio,0.1849905550479889
full,xgb_per_bssid,RogueAP_35.csv,radiotap_signal_dbm_max,0.04115483537316322
full,xgb_per_bssid,RogueAP_35.csv,cap_ess_present_ratio,0.03404509276151657
full,xgb_per_bssid,RogueAP_35.csv,radiotap_signal_dbm_std,0.030351897701621056
full,xgb_per_bssid,RogueAP_35.csv,seq_present_ratio,0.012480296194553375
full,xgb_per_bssid,RogueAP_35.csv,radiotap_signal_dbm_mean,0.011592958122491837
full,xgb_per_bssid,RogueAP_35.csv,cap_ess_ratio,0.009952115826308727
full,xgb_per_bssid,RogueAP_35.csv,frame_len_p50,0.009646034799516201
full,xgb_per_bssid,RogueAP_35.csv,fc_type_1_ratio,0.009457091800868511
full,xgb_per_bssid,RogueAP_35.csv,fc_subtype_11_ratio,0.00930776447057724
full,xgb_per_bssid,RogueAP_35.csv,fc_subtype_0_ratio,0.009269542060792446
full,xgb_per_bssid,RogueAP_35.csv,wlan_duration_p50,0.007630777545273304
full,xgb_per_bssid,RogueAP_35.csv,beacon_ratio,0.007537453435361385
full,xgb_per_bssid,RogueAP_35.csv,frame_len_std,0.007324009668081999
full,rf_per_bssid,RogueAP_35.csv,cap_ess_present_ratio,0.09609184242984418
full,rf_per_bssid,RogueAP_35.csv,ssid_nunique,0.09036704742392528
full,rf_per_bssid,RogueAP_35.csv,fixed_beacon_ratio,0.08517077314860332
full,rf_per_bssid,RogueAP_35.csv,cap_ess_ratio,0.08307698444919984
full,rf_per_bssid,RogueAP_35.csv,ssid_present_ratio,0.07543787127719612
full,rf_per_bssid,RogueAP_35.csv,fixed_beacon_present_ratio,0.07162643483621602
full,rf_per_bssid,RogueAP_35.csv,tag_length_present_ratio,0.06437502151152892
full,rf_per_bssid,RogueAP_35.csv,cap_ibss_present_ratio,0.056896385092641236
full,rf_per_bssid,RogueAP_35.csv,fc_type_0_ratio,0.04162476367517086
full,rf_per_bssid,RogueAP_35.csv,fc_type_nunique,0.03010390092398634
full,rf_per_bssid,RogueAP_35.csv,radiotap_datarate_range,0.022140375278457313
full,rf_per_bssid,RogueAP_35.csv,radiotap_datarate_mean,0.021741920824539913
full,rf_per_bssid,RogueAP_35.csv,radiotap_datarate_min,0.021214984240571402
full,rf_per_bssid,RogueAP_35.csv,radio_data_rate_min,0.019657312633344606
full,rf_per_bssid,RogueAP_35.csv,radiotap_signal_dbm_range,0.018136059894685638
full,xgb_per_bssid,RogueAP_36.csv,fixed_beacon_ratio,0.42068442702293396
full,xgb_per_bssid,RogueAP_36.csv,fixed_beacon_present_ratio,0.18787144124507904
full,xgb_per_bssid,RogueAP_36.csv,cap_ess_present_ratio,0.03677736222743988
full,xgb_per_bssid,RogueAP_36.csv,radiotap_signal_dbm_max,0.03291913494467735
full,xgb_per_bssid,RogueAP_36.csv,radiotap_signal_dbm_std,0.024407345801591873
full,xgb_per_bssid,RogueAP_36.csv,fc_subtype_0_ratio,0.012673195451498032
full,xgb_per_bssid,RogueAP_36.csv,cap_ess_ratio,0.010369529947638512
full,xgb_per_bssid,RogueAP_36.csv,seq_present_ratio,0.01014993991702795
full,xgb_per_bssid,RogueAP_36.csv,frame_len_p50,0.009680255316197872
full,xgb_per_bssid,RogueAP_36.csv,fc_subtype_11_ratio,0.00887310691177845
full,xgb_per_bssid,RogueAP_36.csv,fc_type_1_ratio,0.00859164446592331
full,xgb_per_bssid,RogueAP_36.csv,fc_type_nunique,0.007635052315890789
full,xgb_per_bssid,RogueAP_36.csv,wlan_duration_p50,0.00751768983900547
full,xgb_per_bssid,RogueAP_36.csv,fc_type_2_ratio,0.007516148965805769
full,xgb_per_bssid,RogueAP_36.csv,iat_std,0.007008205633610487
full,rf_per_bssid,RogueAP_36.csv,fixed_beacon_present_ratio,0.09158831070003882
full,rf_per_bssid,RogueAP_36.csv,cap_ess_present_ratio,0.08857887438260446
full,rf_per_bssid,RogueAP_36.csv,ssid_nunique,0.08540451646247366
full,rf_per_bssid,RogueAP_36.csv,fixed_beacon_ratio,0.08452443999342198
full,rf_per_bssid,RogueAP_36.csv,cap_ess_ratio,0.07849804840831845
full,rf_per_bssid,RogueAP_36.csv,ssid_present_ratio,0.07373694312942419
full,rf_per_bssid,RogueAP_36.csv,tag_length_present_ratio,0.06733984823792305
full,rf_per_bssid,RogueAP_36.csv,cap_ibss_present_ratio,0.055347174286016536
full,rf_per_bssid,RogueAP_36.csv,fc_type_0_ratio,0.04325935858598225
full,rf_per_bssid,RogueAP_36.csv,fc_type_nunique,0.03261524773739969
full,rf_per_bssid,RogueAP_36.csv,radiotap_datarate_range,0.022369506157285907
full,rf_per_bssid,RogueAP_36.csv,radiotap_datarate_min,0.020236920435147503
full,rf_per_bssid,RogueAP_36.csv,radiotap_datarate_mean,0.019688878965187433
full,rf_per_bssid,RogueAP_36.csv,radio_data_rate_min,0.017586105928615044
full,rf_per_bssid,RogueAP_36.csv,radiotap_datarate_std,0.015664248977850005
full,xgb_per_bssid,RogueAP_37.csv,fixed_beacon_ratio,0.41335397958755493
full,xgb_per_bssid,RogueAP_37.csv,fixed_beacon_present_ratio,0.18297016620635986
full,xgb_per_bssid,RogueAP_37.csv,radiotap_signal_dbm_max,0.036764759570360184
full,xgb_per_bssid,RogueAP_37.csv,cap_ess_present_ratio,0.036221008747816086
full,xgb_per_bssid,RogueAP_37.csv,radiotap_signal_dbm_std,0.020135043188929558
full,xgb_per_bssid,RogueAP_37.csv,radiotap_signal_dbm_mean,0.01461771596223116
full,xgb_per_bssid,RogueAP_37.csv,fc_subtype_0_ratio,0.012797313742339611
full,xgb_per_bssid,RogueAP_37.csv,cap_ess_ratio,0.010140269994735718
full,xgb_per_bssid,RogueAP_37.csv,frame_len_p50,0.009989771991968155
full,xgb_per_bssid,RogueAP_37.csv,ip_proto_present_ratio,0.009892677888274193
full,xgb_per_bssid,RogueAP_37.csv,seq_present_ratio,0.00971012469381094
full,xgb_per_bssid,RogueAP_37.csv,fc_subtype_11_ratio,0.009013528935611248
full,xgb_per_bssid,RogueAP_37.csv,fc_type_1_ratio,0.008895042352378368
full,xgb_per_bssid,RogueAP_37.csv,frame_len_std,0.008697864599525928
full,xgb_per_bssid,RogueAP_37.csv,beacon_ratio,0.007287174928933382
full,rf_per_bssid,RogueAP_37.csv,fixed_beacon_ratio,0.09442484161251606
full,rf_per_bssid,RogueAP_37.csv,cap_ess_present_ratio,0.09413815022707205
full,rf_per_bssid,RogueAP_37.csv,fixed_beacon_present_ratio,0.08779038303243564
full,rf_per_bssid,RogueAP_37.csv,ssid_nunique,0.08598610697066891
full,rf_per_bssid,RogueAP_37.csv,cap_ess_ratio,0.08323099878502674
full,rf_per_bssid,RogueAP_37.csv,ssid_present_ratio,0.07092661363657707
full,rf_per_bssid,RogueAP_37.csv,tag_length_present_ratio,0.060426058841160764
full,rf_per_bssid,RogueAP_37.csv,cap_ibss_present_ratio,0.05558251912815544
full,rf_per_bssid,RogueAP_37.csv,fc_type_0_ratio,0.036408044527865266
full,rf_per_bssid,RogueAP_37.csv,fc_type_nunique,0.028056463718225552
full,rf_per_bssid,RogueAP_37.csv,radiotap_datarate_range,0.02412415246395394
full,rf_per_bssid,RogueAP_37.csv,radiotap_datarate_mean,0.021020819464699043
full,rf_per_bssid,RogueAP_37.csv,radiotap_datarate_min,0.02020531273547957
full,rf_per_bssid,RogueAP_37.csv,radio_data_rate_min,0.018954594464191187
full,rf_per_bssid,RogueAP_37.csv,radiotap_signal_dbm_range,0.018454711839343465
full,xgb_per_bssid,RogueAP_38.csv,fixed_beacon_ratio,0.48093825578689575
full,xgb_per_bssid,RogueAP_38.csv,fixed_beacon_present_ratio,0.17012210190296173
full,xgb_per_bssid,RogueAP_38.csv,radiotap_signal_dbm_max,0.032478056848049164
full,xgb_per_bssid,RogueAP_38.csv,radiotap_signal_dbm_std,0.02188374288380146
full,xgb_per_bssid,RogueAP_38.csv,cap_ess_present_ratio,0.019904347136616707
full,xgb_per_bssid,RogueAP_38.csv,radiotap_signal_dbm_mean,0.013042609207332134
full,xgb_per_bssid,RogueAP_38.csv,fc_subtype_0_ratio,0.00945773534476757
full,xgb_per_bssid,RogueAP_38.csv,cap_ess_ratio,0.009445946663618088
full,xgb_per_bssid,RogueAP_38.csv,seq_present_ratio,0.009262052364647388
full,xgb_per_bssid,RogueAP_38.csv,fc_subtype_11_ratio,0.008524506352841854
full,xgb_per_bssid,RogueAP_38.csv,fc_type_1_ratio,0.007836176082491875
full,xgb_per_bssid,RogueAP_38.csv,radiotap_signal_dbm_p25,0.007173815276473761
full,xgb_per_bssid,RogueAP_38.csv,wlan_duration_p50,0.007014747709035873
full,xgb_per_bssid,RogueAP_38.csv,radio_signal_dbm_p50,0.006443269085139036
full,xgb_per_bssid,RogueAP_38.csv,frame_len_std,0.006421433296054602
full,rf_per_bssid,RogueAP_38.csv,cap_ess_present_ratio,0.10018921580537539
full,rf_per_bssid,RogueAP_38.csv,ssid_nunique,0.08868071679493993
full,rf_per_bssid,RogueAP_38.csv,fixed_beacon_present_ratio,0.0828727333584076
full,rf_per_bssid,RogueAP_38.csv,fixed_beacon_ratio,0.08040381075970869
full,rf_per_bssid,RogueAP_38.csv,cap_ess_ratio,0.07470601462772247
full,rf_per_bssid,RogueAP_38.csv,tag_length_present_ratio,0.06812411592245086
full,rf_per_bssid,RogueAP_38.csv,ssid_present_ratio,0.06474635286288025
full,rf_per_bssid,RogueAP_38.csv,cap_ibss_present_ratio,0.05695953961264331
full,rf_per_bssid,RogueAP_38.csv,fc_type_0_ratio,0.044253224974754236
full,rf_per_bssid,RogueAP_38.csv,fc_type_nunique,0.030196975730685523
full,rf_per_bssid,RogueAP_38.csv,radio_data_rate_min,0.021816451356012005
full,rf_per_bssid,RogueAP_38.csv,radiotap_datarate_range,0.021276640382335087
full,rf_per_bssid,RogueAP_38.csv,radiotap_datarate_min,0.021177485303871046
full,rf_per_bssid,RogueAP_38.csv,radiotap_datarate_mean,0.01992180899482124
full,rf_per_bssid,RogueAP_38.csv,radiotap_signal_dbm_range,0.01798879815444075
full,xgb_per_bssid,RogueAP_39.csv,fixed_beacon_ratio,0.48093825578689575
full,xgb_per_bssid,RogueAP_39.csv,fixed_beacon_present_ratio,0.17012210190296173
full,xgb_per_bssid,RogueAP_39.csv,radiotap_signal_dbm_max,0.032478056848049164
full,xgb_per_bssid,RogueAP_39.csv,radiotap_signal_dbm_std,0.02188374288380146
full,xgb_per_bssid,RogueAP_39.csv,cap_ess_present_ratio,0.019904347136616707
full,xgb_per_bssid,RogueAP_39.csv,radiotap_signal_dbm_mean,0.013042609207332134
full,xgb_per_bssid,RogueAP_39.csv,fc_subtype_0_ratio,0.00945773534476757
full,xgb_per_bssid,RogueAP_39.csv,cap_ess_ratio,0.009445946663618088
full,xgb_per_bssid,RogueAP_39.csv,seq_present_ratio,0.009262052364647388
full,xgb_per_bssid,RogueAP_39.csv,fc_subtype_11_ratio,0.008524506352841854
full,xgb_per_bssid,RogueAP_39.csv,fc_type_1_ratio,0.007836176082491875
full,xgb_per_bssid,RogueAP_39.csv,radiotap_signal_dbm_p25,0.007173815276473761
full,xgb_per_bssid,RogueAP_39.csv,wlan_duration_p50,0.007014747709035873
full,xgb_per_bssid,RogueAP_39.csv,radio_signal_dbm_p50,0.006443269085139036
full,xgb_per_bssid,RogueAP_39.csv,frame_len_std,0.006421433296054602
full,rf_per_bssid,RogueAP_39.csv,cap_ess_present_ratio,0.10018921580537539
full,rf_per_bssid,RogueAP_39.csv,ssid_nunique,0.08868071679493993
full,rf_per_bssid,RogueAP_39.csv,fixed_beacon_present_ratio,0.0828727333584076
full,rf_per_bssid,RogueAP_39.csv,fixed_beacon_ratio,0.08040381075970869
full,rf_per_bssid,RogueAP_39.csv,cap_ess_ratio,0.07470601462772247
full,rf_per_bssid,RogueAP_39.csv,tag_length_present_ratio,0.06812411592245086
full,rf_per_bssid,RogueAP_39.csv,ssid_present_ratio,0.06474635286288025
full,rf_per_bssid,RogueAP_39.csv,cap_ibss_present_ratio,0.05695953961264331
full,rf_per_bssid,RogueAP_39.csv,fc_type_0_ratio,0.044253224974754236
full,rf_per_bssid,RogueAP_39.csv,fc_type_nunique,0.030196975730685523
full,rf_per_bssid,RogueAP_39.csv,radio_data_rate_min,0.021816451356012005
full,rf_per_bssid,RogueAP_39.csv,radiotap_datarate_range,0.021276640382335087
full,rf_per_bssid,RogueAP_39.csv,radiotap_datarate_min,0.021177485303871046
full,rf_per_bssid,RogueAP_39.csv,radiotap_datarate_mean,0.01992180899482124
full,rf_per_bssid,RogueAP_39.csv,radiotap_signal_dbm_range,0.01798879815444075
drop_mgmt_fingerprint,xgb_per_bssid,RogueAP_23.csv,fc_type_nunique,0.28126904368400574
drop_mgmt_fingerprint,xgb_per_bssid,RogueAP_23.csv,fc_type_0_ratio,0.07746362686157227
drop_mgmt_fingerprint,xgb_per_bssid,RogueAP_23.csv,radiotap_signal_dbm_max,0.053105853497982025
drop_mgmt_fingerprint,xgb_per_bssid,RogueAP_23.csv,radiotap_signal_dbm_range,0.0423705130815506
drop_mgmt_fingerprint,xgb_per_bssid,RogueAP_23.csv,radiotap_datarate_p25,0.024677539244294167
drop_mgmt_fingerprint,xgb_per_bssid,RogueAP_23.csv,fc_subtype_13_ratio,0.021997788920998573
drop_mgmt_fingerprint,xgb_per_bssid,RogueAP_23.csv,iat_mean,0.021717026829719543
drop_mgmt_fingerprint,xgb_per_bssid,RogueAP_23.csv,frame_len_max,0.02020515687763691
drop_mgmt_fingerprint,xgb_per_bssid,RogueAP_23.csv,seq_present_ratio,0.020197976380586624
drop_mgmt_fingerprint,xgb_per_bssid,RogueAP_23.csv,iat_p95,0.020124895498156548
drop_mgmt_fingerprint,xgb_per_bssid,RogueAP_23.csv,fc_subtype_0_ratio,0.01852983795106411
drop_mgmt_fingerprint,xgb_per_bssid,RogueAP_23.csv,radiotap_signal_dbm_std,0.01826230064034462
drop_mgmt_fingerprint,xgb_per_bssid,RogueAP_23.csv,llc_ratio,0.016472797840833664
drop_mgmt_fingerprint,xgb_per_bssid,RogueAP_23.csv,iat_std,0.016253191977739334
drop_mgmt_fingerprint,xgb_per_bssid,RogueAP_23.csv,frame_len_range,0.015154615044593811
drop_mgmt_fingerprint,rf_per_bssid,RogueAP_23.csv,fc_type_nunique,0.13710154784453202
drop_mgmt_fingerprint,rf_per_bssid,RogueAP_23.csv,fc_type_0_ratio,0.12580578619371088
drop_mgmt_fingerprint,rf_per_bssid,RogueAP_23.csv,radiotap_datarate_min,0.07903781206357828
drop_mgmt_fingerprint,rf_per_bssid,RogueAP_23.csv,radio_data_rate_min,0.05156465487879098
drop_mgmt_fingerprint,rf_per_bssid,RogueAP_23.csv,radiotap_datarate_mean,0.05038576206872975
drop_mgmt_fingerprint,rf_per_bssid,RogueAP_23.csv,radiotap_datarate_range,0.03858501794993626
drop_mgmt_fingerprint,rf_per_bssid,RogueAP_23.csv,radiotap_datarate_std,0.03375851112821398
drop_mgmt_fingerprint,rf_per_bssid,RogueAP_23.csv,radiotap_signal_dbm_std,0.022051790620595205
drop_mgmt_fingerprint,rf_per_bssid,RogueAP_23.csv,radiotap_signal_dbm_p25,0.02184873701271799
drop_mgmt_fingerprint,rf_per_bssid,RogueAP_23.csv,radiotap_signal_dbm_mean,0.021763649060277203
drop_mgmt_fingerprint,rf_per_bssid,RogueAP_23.csv,radiotap_signal_dbm_min,0.02168391269257176
drop_mgmt_fingerprint,rf_per_bssid,RogueAP_23.csv,radiotap_signal_dbm_p75,0.018762444792246334
drop_mgmt_fingerprint,rf_per_bssid,RogueAP_23.csv,radiotap_signal_dbm_max,0.01819352195417986
drop_mgmt_fingerprint,rf_per_bssid,RogueAP_23.csv,radiotap_signal_dbm_range,0.017987040639408442
drop_mgmt_fingerprint,rf_per_bssid,RogueAP_23.csv,frame_len_max,0.017915024576333243
drop_mgmt_fingerprint,xgb_per_bssid,RogueAP_24.csv,fc_type_nunique,0.3013121783733368
drop_mgmt_fingerprint,xgb_per_bssid,RogueAP_24.csv,fc_type_0_ratio,0.06895344704389572
drop_mgmt_fingerprint,xgb_per_bssid,RogueAP_24.csv,radiotap_signal_dbm_max,0.04555334895849228
drop_mgmt_fingerprint,xgb_per_bssid,RogueAP_24.csv,radiotap_signal_dbm_mean,0.03882017359137535
drop_mgmt_fingerprint,xgb_per_bssid,RogueAP_24.csv,iat_p95,0.023491835221648216
drop_mgmt_fingerprint,xgb_per_bssid,RogueAP_24.csv,radiotap_datarate_p25,0.022943805903196335
drop_mgmt_fingerprint,xgb_per_bssid,RogueAP_24.csv,radiotap_signal_dbm_range,0.021916402503848076
drop_mgmt_fingerprint,xgb_per_bssid,RogueAP_24.csv,radiotap_signal_dbm_std,0.021816767752170563
drop_mgmt_fingerprint,xgb_per_bssid,RogueAP_24.csv,radiotap_signal_dbm_min,0.0216682031750679
drop_mgmt_fingerprint,xgb_per_bssid,RogueAP_24.csv,fc_subtype_13_ratio,0.02006661891937256
drop_mgmt_fingerprint,xgb_per_bssid,RogueAP_24.csv,iat_mean,0.018733782693743706
drop_mgmt_fingerprint,xgb_per_bssid,RogueAP_24.csv,iat_std,0.01829507015645504
drop_mgmt_fingerprint,xgb_per_bssid,RogueAP_24.csv,fc_subtype_0_ratio,0.01684148795902729
drop_mgmt_fingerprint,xgb_per_bssid,RogueAP_24.csv,frame_len_max,0.015436626970767975
drop_mgmt_fingerprint,xgb_per_bssid,RogueAP_24.csv,fc_subtype_8_ratio,0.013756616972386837
drop_mgmt_fingerprint,rf_per_bssid,RogueAP_24.csv,fc_type_nunique,0.13625087093133398
drop_mgmt_fingerprint,rf_per_bssid,RogueAP_24.csv,fc_type_0_ratio,0.12597196759457355
drop_mgmt_fingerprint,rf_per_bssid,RogueAP_24.csv,radiotap_datarate_min,0.08093740719005539
drop_mgmt_fingerprint,rf_per_bssid,RogueAP_24.csv,radiotap_datarate_mean,0.05590538709865575
drop_mgmt_fingerprint,rf_per_bssid,RogueAP_24.csv,radio_data_rate_min,0.05053634372233487
drop_mgmt_fingerprint,rf_per_bssid,RogueAP_24.csv,radiotap_datarate_range,0.03480217626692933
drop_mgmt_fingerprint,rf_per_bssid,RogueAP_24.csv,radiotap_datarate_std,0.0323175033996316
drop_mgmt_fingerprint,rf_per_bssid,RogueAP_24.csv,radiotap_signal_dbm_min,0.024932571544262067
drop_mgmt_fingerprint,rf_per_bssid,RogueAP_24.csv,radiotap_signal_dbm_mean,0.022020051117263417
drop_mgmt_fingerprint,rf_per_bssid,RogueAP_24.csv,radiotap_signal_dbm_max,0.021522964582191797
drop_mgmt_fingerprint,rf_per_bssid,RogueAP_24.csv,radiotap_signal_dbm_std,0.019922268976501165
drop_mgmt_fingerprint,rf_per_bssid,RogueAP_24.csv,radiotap_signal_dbm_p25,0.019343984448373524
drop_mgmt_fingerprint,rf_per_bssid,RogueAP_24.csv,radiotap_signal_dbm_range,0.01881458069017754
drop_mgmt_fingerprint,rf_per_bssid,RogueAP_24.csv,radiotap_signal_dbm_p75,0.017763989499011163
drop_mgmt_fingerprint,rf_per_bssid,RogueAP_24.csv,iat_mean,0.017319825270894512
drop_mgmt_fingerprint,xgb_per_bssid,RogueAP_25.csv,fc_type_nunique,0.30432096123695374
drop_mgmt_fingerprint,xgb_per_bssid,RogueAP_25.csv,fc_type_0_ratio,0.07566991448402405
drop_mgmt_fingerprint,xgb_per_bssid,RogueAP_25.csv,radiotap_signal_dbm_max,0.04979280009865761
drop_mgmt_fingerprint,xgb_per_bssid,RogueAP_25.csv,radiotap_signal_dbm_range,0.027363423258066177
drop_mgmt_fingerprint,xgb_per_bssid,RogueAP_25.csv,radiotap_datarate_p25,0.02445584163069725
drop_mgmt_fingerprint,xgb_per_bssid,RogueAP_25.csv,fc_subtype_13_ratio,0.020502937957644463
drop_mgmt_fingerprint,xgb_per_bssid,RogueAP_25.csv,radiotap_signal_dbm_std,0.019849926233291626
drop_mgmt_fingerprint,xgb_per_bssid,RogueAP_25.csv,fc_subtype_0_ratio,0.019178060814738274
drop_mgmt_fingerprint,xgb_per_bssid,RogueAP_25.csv,iat_std,0.018906328827142715
drop_mgmt_fingerprint,xgb_per_bssid,RogueAP_25.csv,frame_len_max,0.018618978559970856
drop_mgmt_fingerprint,xgb_per_bssid,RogueAP_25.csv,radiotap_signal_dbm_mean,0.018563389778137207
drop_mgmt_fingerprint,xgb_per_bssid,RogueAP_25.csv,iat_mean,0.018453184515237808
drop_mgmt_fingerprint,xgb_per_bssid,RogueAP_25.csv,iat_p95,0.01775297150015831
drop_mgmt_fingerprint,xgb_per_bssid,RogueAP_25.csv,radiotap_signal_dbm_min,0.01416642963886261
drop_mgmt_fingerprint,xgb_per_bssid,RogueAP_25.csv,fc_subtype_8_ratio,0.013116464018821716
drop_mgmt_fingerprint,rf_per_bssid,RogueAP_25.csv,fc_type_nunique,0.14181689014283907
drop_mgmt_fingerprint,rf_per_bssid,RogueAP_25.csv,fc_type_0_ratio,0.11644062202284478
drop_mgmt_fingerprint,rf_per_bssid,RogueAP_25.csv,radiotap_datarate_min,0.08002910590186225
drop_mgmt_fingerprint,rf_per_bssid,RogueAP_25.csv,radio_data_rate_min,0.057144298870717626
drop_mgmt_fingerprint,rf_per_bssid,RogueAP_25.csv,radiotap_datarate_mean,0.055776276735255474
drop_mgmt_fingerprint,rf_per_bssid,RogueAP_25.csv,radiotap_datarate_range,0.04175580220581172
drop_mgmt_fingerprint,rf_per_bssid,RogueAP_25.csv,radiotap_datarate_std,0.037095182143021196
drop_mgmt_fingerprint,rf_per_bssid,RogueAP_25.csv,radiotap_signal_dbm_mean,0.023569321658714715
drop_mgmt_fingerprint,rf_per_bssid,RogueAP_25.csv,radiotap_signal_dbm_std,0.0213653756291852
drop_mgmt_fingerprint,rf_per_bssid,RogueAP_25.csv,radiotap_signal_dbm_min,0.021029511538524545
drop_mgmt_fingerprint,rf_per_bssid,RogueAP_25.csv,radiotap_signal_dbm_max,0.020265217267144454
drop_mgmt_fingerprint,rf_per_bssid,RogueAP_25.csv,radiotap_signal_dbm_range,0.018904254999269947
drop_mgmt_fingerprint,rf_per_bssid,RogueAP_25.csv,radiotap_signal_dbm_p75,0.018498984492830807
drop_mgmt_fingerprint,rf_per_bssid,RogueAP_25.csv,fc_type_1_ratio,0.017450528110140154
drop_mgmt_fingerprint,rf_per_bssid,RogueAP_25.csv,frame_len_max,0.017099769046292738
drop_mgmt_fingerprint,xgb_per_bssid,RogueAP_26.csv,fc_type_nunique,0.3017306625843048
drop_mgmt_fingerprint,xgb_per_bssid,RogueAP_26.csv,fc_type_0_ratio,0.0681910589337349
drop_mgmt_fingerprint,xgb_per_bssid,RogueAP_26.csv,radiotap_signal_dbm_range,0.06332193315029144
drop_mgmt_fingerprint,xgb_per_bssid,RogueAP_26.csv,radiotap_signal_dbm_max,0.029882850125432014
drop_mgmt_fingerprint,xgb_per_bssid,RogueAP_26.csv,radiotap_datarate_p25,0.02472790703177452
drop_mgmt_fingerprint,xgb_per_bssid,RogueAP_26.csv,iat_mean,0.02084588073194027
drop_mgmt_fingerprint,xgb_per_bssid,RogueAP_26.csv,fc_subtype_13_ratio,0.01857973076403141
drop_mgmt_fingerprint,xgb_per_bssid,RogueAP_26.csv,iat_p95,0.017541242763400078
drop_mgmt_fingerprint,xgb_per_bssid,RogueAP_26.csv,radiotap_signal_dbm_std,0.01746050827205181
drop_mgmt_fingerprint,xgb_per_bssid,RogueAP_26.csv,fc_subtype_0_ratio,0.017295684665441513
drop_mgmt_fingerprint,xgb_per_bssid,RogueAP_26.csv,frame_len_max,0.01705184206366539
drop_mgmt_fingerprint,xgb_per_bssid,RogueAP_26.csv,radiotap_signal_dbm_mean,0.016768310219049454
drop_mgmt_fingerprint,xgb_per_bssid,RogueAP_26.csv,radiotap_signal_dbm_min,0.016760706901550293
drop_mgmt_fingerprint,xgb_per_bssid,RogueAP_26.csv,seq_present_ratio,0.015182839706540108
drop_mgmt_fingerprint,xgb_per_bssid,RogueAP_26.csv,iat_std,0.014758998528122902
drop_mgmt_fingerprint,rf_per_bssid,RogueAP_26.csv,fc_type_0_ratio,0.1392267019301428
drop_mgmt_fingerprint,rf_per_bssid,RogueAP_26.csv,fc_type_nunique,0.12896281372650775
drop_mgmt_fingerprint,rf_per_bssid,RogueAP_26.csv,radiotap_datarate_min,0.07798052601106795
drop_mgmt_fingerprint,rf_per_bssid,RogueAP_26.csv,radio_data_rate_min,0.056994609313426745
drop_mgmt_fingerprint,rf_per_bssid,RogueAP_26.csv,radiotap_datarate_mean,0.04906233877544785
drop_mgmt_fingerprint,rf_per_bssid,RogueAP_26.csv,radiotap_datarate_range,0.04170043863042014
drop_mgmt_fingerprint,rf_per_bssid,RogueAP_26.csv,radiotap_datarate_std,0.0325848640633875
drop_mgmt_fingerprint,rf_per_bssid,RogueAP_26.csv,radiotap_signal_dbm_min,0.026581273872025774
drop_mgmt_fingerprint,rf_per_bssid,RogueAP_26.csv,radiotap_signal_dbm_std,0.024092576551809186
drop_mgmt_fingerprint,rf_per_bssid,RogueAP_26.csv,radiotap_signal_dbm_mean,0.020642322950393414
drop_mgmt_fingerprint,rf_per_bssid,RogueAP_26.csv,radiotap_signal_dbm_range,0.019088996721661068
drop_mgmt_fingerprint,rf_per_bssid,RogueAP_26.csv,frame_len_max,0.018608344155845953
drop_mgmt_fingerprint,rf_per_bssid,RogueAP_26.csv,radiotap_signal_dbm_max,0.01819880338882499
drop_mgmt_fingerprint,rf_per_bssid,RogueAP_26.csv,radiotap_signal_dbm_p25,0.01783991347243382
drop_mgmt_fingerprint,rf_per_bssid,RogueAP_26.csv,fc_type_1_ratio,0.01642451674893062
drop_mgmt_fingerprint,xgb_per_bssid,RogueAP_27.csv,fc_type_nunique,0.28250664472579956
drop_mgmt_fingerprint,xgb_per_bssid,RogueAP_27.csv,fc_type_0_ratio,0.07920190691947937
drop_mgmt_fingerprint,xgb_per_bssid,RogueAP_27.csv,radiotap_signal_dbm_max,0.05252271890640259
drop_mgmt_fingerprint,xgb_per_bssid,RogueAP_27.csv,radiotap_signal_dbm_range,0.05191218480467796
drop_mgmt_fingerprint,xgb_per_bssid,RogueAP_27.csv,radiotap_datarate_p25,0.023529740050435066
drop_mgmt_fingerprint,xgb_per_bssid,RogueAP_27.csv,iat_mean,0.021955164149403572
drop_mgmt_fingerprint,xgb_per_bssid,RogueAP_27.csv,fc_subtype_13_ratio,0.021546106785535812
drop_mgmt_fingerprint,xgb_per_bssid,RogueAP_27.csv,frame_len_max,0.021445684134960175
drop_mgmt_fingerprint,xgb_per_bssid,RogueAP_27.csv,iat_p95,0.021113919094204903
drop_mgmt_fingerprint,xgb_per_bssid,RogueAP_27.csv,fc_subtype_0_ratio,0.019327377900481224
drop_mgmt_fingerprint,xgb_per_bssid,RogueAP_27.csv,iat_std,0.01918747089803219
drop_mgmt_fingerprint,xgb_per_bssid,RogueAP_27.csv,frame_len_p50,0.016489120200276375
drop_mgmt_fingerprint,xgb_per_bssid,RogueAP_27.csv,frame_len_range,0.014839783310890198
drop_mgmt_fingerprint,xgb_per_bssid,RogueAP_27.csv,llc_present_ratio,0.014260987751185894
drop_mgmt_fingerprint,xgb_per_bssid,RogueAP_27.csv,radiotap_signal_dbm_min,0.014088699594140053
drop_mgmt_fingerprint,rf_per_bssid,RogueAP_27.csv,fc_type_nunique,0.1353069536136542
drop_mgmt_fingerprint,rf_per_bssid,RogueAP_27.csv,fc_type_0_ratio,0.12608665447196754
drop_mgmt_fingerprint,rf_per_bssid,RogueAP_27.csv,radiotap_datarate_min,0.08362507020472895
drop_mgmt_fingerprint,rf_per_bssid,RogueAP_27.csv,radio_data_rate_min,0.052102219956734586
drop_mgmt_fingerprint,rf_per_bssid,RogueAP_27.csv,radiotap_datarate_mean,0.0516963987527299
drop_mgmt_fingerprint,rf_per_bssid,RogueAP_27.csv,radiotap_datarate_std,0.03587871955263332
drop_mgmt_fingerprint,rf_per_bssid,RogueAP_27.csv,radiotap_datarate_range,0.03473669470869705
drop_mgmt_fingerprint,rf_per_bssid,RogueAP_27.csv,radiotap_signal_dbm_min,0.02274614129001998
drop_mgmt_fingerprint,rf_per_bssid,RogueAP_27.csv,radiotap_signal_dbm_max,0.022071371355072398
drop_mgmt_fingerprint,rf_per_bssid,RogueAP_27.csv,radiotap_signal_dbm_mean,0.021777027119813525
drop_mgmt_fingerprint,rf_per_bssid,RogueAP_27.csv,radiotap_signal_dbm_range,0.01953898834153274
drop_mgmt_fingerprint,rf_per_bssid,RogueAP_27.csv,radiotap_signal_dbm_std,0.018983081256210108
drop_mgmt_fingerprint,rf_per_bssid,RogueAP_27.csv,radiotap_signal_dbm_p25,0.018240809490092557
drop_mgmt_fingerprint,rf_per_bssid,RogueAP_27.csv,seq_present_ratio,0.017986390124128025
drop_mgmt_fingerprint,rf_per_bssid,RogueAP_27.csv,fc_type_1_ratio,0.017238931135733965
drop_mgmt_fingerprint,xgb_per_bssid,RogueAP_28.csv,fc_type_nunique,0.297979474067688
drop_mgmt_fingerprint,xgb_per_bssid,RogueAP_28.csv,fc_type_0_ratio,0.06025407090783119
drop_mgmt_fingerprint,xgb_per_bssid,RogueAP_28.csv,radiotap_signal_dbm_max,0.05207892879843712
drop_mgmt_fingerprint,xgb_per_bssid,RogueAP_28.csv,radiotap_signal_dbm_range,0.03404634818434715
drop_mgmt_fingerprint,xgb_per_bssid,RogueAP_28.csv,frame_len_range,0.027890052646398544
drop_mgmt_fingerprint,xgb_per_bssid,RogueAP_28.csv,fc_subtype_13_ratio,0.020023344084620476
drop_mgmt_fingerprint,xgb_per_bssid,RogueAP_28.csv,radiotap_datarate_p25,0.019611531868577003
drop_mgmt_fingerprint,xgb_per_bssid,RogueAP_28.csv,iat_mean,0.019391486421227455
drop_mgmt_fingerprint,xgb_per_bssid,RogueAP_28.csv,radiotap_signal_dbm_mean,0.01857437752187252
drop_mgmt_fingerprint,xgb_per_bssid,RogueAP_28.csv,radiotap_signal_dbm_std,0.017934981733560562
drop_mgmt_fingerprint,xgb_per_bssid,RogueAP_28.csv,frame_len_max,0.017756419256329536
drop_mgmt_fingerprint,xgb_per_bssid,RogueAP_28.csv,iat_std,0.016209740191698074
drop_mgmt_fingerprint,xgb_per_bssid,RogueAP_28.csv,fc_subtype_0_ratio,0.016103234142065048
drop_mgmt_fingerprint,xgb_per_bssid,RogueAP_28.csv,iat_p95,0.01570475660264492
drop_mgmt_fingerprint,xgb_per_bssid,RogueAP_28.csv,fc_subtype_8_ratio,0.013765181414783001
drop_mgmt_fingerprint,rf_per_bssid,RogueAP_28.csv,fc_type_nunique,0.1426116191524016
drop_mgmt_fingerprint,rf_per_bssid,RogueAP_28.csv,fc_type_0_ratio,0.13200453077139845
drop_mgmt_fingerprint,rf_per_bssid,RogueAP_28.csv,radiotap_datarate_min,0.0754921489664968
drop_mgmt_fingerprint,rf_per_bssid,RogueAP_28.csv,radio_data_rate_min,0.051919801828680306
drop_mgmt_fingerprint,rf_per_bssid,RogueAP_28.csv,radiotap_datarate_mean,0.048370117644310776
drop_mgmt_fingerprint,rf_per_bssid,RogueAP_28.csv,radiotap_datarate_range,0.037396619826087975
drop_mgmt_fingerprint,rf_per_bssid,RogueAP_28.csv,radiotap_datarate_std,0.03194884540242649
drop_mgmt_fingerprint,rf_per_bssid,RogueAP_28.csv,radiotap_signal_dbm_min,0.02608295508632086
drop_mgmt_fingerprint,rf_per_bssid,RogueAP_28.csv,radiotap_signal_dbm_std,0.02116169483037148
drop_mgmt_fingerprint,rf_per_bssid,RogueAP_28.csv,seq_present_ratio,0.02005330873729009
drop_mgmt_fingerprint,rf_per_bssid,RogueAP_28.csv,radiotap_signal_dbm_max,0.019739298644859647
drop_mgmt_fingerprint,rf_per_bssid,RogueAP_28.csv,radiotap_signal_dbm_p75,0.01965707212373887
drop_mgmt_fingerprint,rf_per_bssid,RogueAP_28.csv,frame_len_max,0.018421290447136692
drop_mgmt_fingerprint,rf_per_bssid,RogueAP_28.csv,fc_type_1_ratio,0.017330583915734367
drop_mgmt_fingerprint,rf_per_bssid,RogueAP_28.csv,radiotap_signal_dbm_mean,0.01711936567893334
drop_mgmt_fingerprint,xgb_per_bssid,RogueAP_29.csv,fc_type_nunique,0.29056107997894287
drop_mgmt_fingerprint,xgb_per_bssid,RogueAP_29.csv,fc_type_0_ratio,0.08913548290729523
drop_mgmt_fingerprint,xgb_per_bssid,RogueAP_29.csv,radiotap_signal_dbm_range,0.04655351862311363
drop_mgmt_fingerprint,xgb_per_bssid,RogueAP_29.csv,radiotap_signal_dbm_max,0.04333457350730896
drop_mgmt_fingerprint,xgb_per_bssid,RogueAP_29.csv,iat_p95,0.022611459717154503
drop_mgmt_fingerprint,xgb_per_bssid,RogueAP_29.csv,radiotap_datarate_p25,0.021619776263833046
drop_mgmt_fingerprint,xgb_per_bssid,RogueAP_29.csv,fc_subtype_13_ratio,0.02132471464574337
drop_mgmt_fingerprint,xgb_per_bssid,RogueAP_29.csv,fc_subtype_0_ratio,0.019025566056370735
drop_mgmt_fingerprint,xgb_per_bssid,RogueAP_29.csv,frame_len_max,0.01782296784222126
drop_mgmt_fingerprint,xgb_per_bssid,RogueAP_29.csv,iat_mean,0.01685044914484024
drop_mgmt_fingerprint,xgb_per_bssid,RogueAP_29.csv,frame_len_p50,0.016105353832244873
drop_mgmt_fingerprint,xgb_per_bssid,RogueAP_29.csv,radiotap_signal_dbm_min,0.01487890724092722
drop_mgmt_fingerprint,xgb_per_bssid,RogueAP_29.csv,iat_std,0.014695324003696442
drop_mgmt_fingerprint,xgb_per_bssid,RogueAP_29.csv,radiotap_signal_dbm_mean,0.01430547796189785
drop_mgmt_fingerprint,xgb_per_bssid,RogueAP_29.csv,tcp_ack_ratio,0.012567538768053055
drop_mgmt_fingerprint,rf_per_bssid,RogueAP_29.csv,fc_type_nunique,0.14123900036748818
drop_mgmt_fingerprint,rf_per_bssid,RogueAP_29.csv,fc_type_0_ratio,0.13458617079929205
drop_mgmt_fingerprint,rf_per_bssid,RogueAP_29.csv,radiotap_datarate_min,0.07419734648895036
drop_mgmt_fingerprint,rf_per_bssid,RogueAP_29.csv,radiotap_datarate_mean,0.057266793504293444
drop_mgmt_fingerprint,rf_per_bssid,RogueAP_29.csv,radio_data_rate_min,0.05350145291566923
drop_mgmt_fingerprint,rf_per_bssid,RogueAP_29.csv,radiotap_datarate_range,0.04294979930580349
drop_mgmt_fingerprint,rf_per_bssid,RogueAP_29.csv,radiotap_datarate_std,0.03269882793720465
drop_mgmt_fingerprint,rf_per_bssid,RogueAP_29.csv,radiotap_signal_dbm_min,0.022705949514729703
drop_mgmt_fingerprint,rf_per_bssid,RogueAP_29.csv,radiotap_signal_dbm_p75,0.020878134847392347
drop_mgmt_fingerprint,rf_per_bssid,RogueAP_29.csv,radiotap_signal_dbm_max,0.020096455345230416
drop_mgmt_fingerprint,rf_per_bssid,RogueAP_29.csv,seq_present_ratio,0.019971585953510323
drop_mgmt_fingerprint,rf_per_bssid,RogueAP_29.csv,radiotap_signal_dbm_std,0.01982937949948668
drop_mgmt_fingerprint,rf_per_bssid,RogueAP_29.csv,radiotap_signal_dbm_mean,0.0195116122670452
drop_mgmt_fingerprint,rf_per_bssid,RogueAP_29.csv,radiotap_signal_dbm_range,0.018451158136389884
drop_mgmt_fingerprint,rf_per_bssid,RogueAP_29.csv,radiotap_signal_dbm_p25,0.01795825080632643
drop_mgmt_fingerprint,xgb_per_bssid,RogueAP_30.csv,fc_type_nunique,0.29973235726356506
drop_mgmt_fingerprint,xgb_per_bssid,RogueAP_30.csv,fc_type_0_ratio,0.05916966125369072
drop_mgmt_fingerprint,xgb_per_bssid,RogueAP_30.csv,radiotap_signal_dbm_range,0.04892707243561745
drop_mgmt_fingerprint,xgb_per_bssid,RogueAP_30.csv,radiotap_signal_dbm_max,0.035561855882406235
drop_mgmt_fingerprint,xgb_per_bssid,RogueAP_30.csv,radiotap_datarate_p25,0.030811484903097153
drop_mgmt_fingerprint,xgb_per_bssid,RogueAP_30.csv,iat_p95,0.02374037727713585
drop_mgmt_fingerprint,xgb_per_bssid,RogueAP_30.csv,radiotap_signal_dbm_mean,0.021218404173851013
drop_mgmt_fingerprint,xgb_per_bssid,RogueAP_30.csv,radiotap_signal_dbm_min,0.020328454673290253
drop_mgmt_fingerprint,xgb_per_bssid,RogueAP_30.csv,iat_mean,0.01978510245680809
drop_mgmt_fingerprint,xgb_per_bssid,RogueAP_30.csv,fc_subtype_0_ratio,0.019560441374778748
drop_mgmt_fingerprint,xgb_per_bssid,RogueAP_30.csv,fc_subtype_13_ratio,0.01927446573972702
drop_mgmt_fingerprint,xgb_per_bssid,RogueAP_30.csv,frame_len_max,0.017693689092993736
drop_mgmt_fingerprint,xgb_per_bssid,RogueAP_30.csv,frame_len_range,0.016401467844843864
drop_mgmt_fingerprint,xgb_per_bssid,RogueAP_30.csv,frame_len_p50,0.01564883068203926
drop_mgmt_fingerprint,xgb_per_bssid,RogueAP_30.csv,iat_std,0.013904967345297337
drop_mgmt_fingerprint,rf_per_bssid,RogueAP_30.csv,fc_type_nunique,0.137204309549303
drop_mgmt_fingerprint,rf_per_bssid,RogueAP_30.csv,fc_type_0_ratio,0.1227871280223769
drop_mgmt_fingerprint,rf_per_bssid,RogueAP_30.csv,radiotap_datarate_min,0.07962940639702226
drop_mgmt_fingerprint,rf_per_bssid,RogueAP_30.csv,radio_data_rate_min,0.052285986672040284
drop_mgmt_fingerprint,rf_per_bssid,RogueAP_30.csv,radiotap_datarate_mean,0.05028113279518258
drop_mgmt_fingerprint,rf_per_bssid,RogueAP_30.csv,radiotap_datarate_range,0.03784805767754785
drop_mgmt_fingerprint,rf_per_bssid,RogueAP_30.csv,radiotap_datarate_std,0.03347673396800652
drop_mgmt_fingerprint,rf_per_bssid,RogueAP_30.csv,radiotap_signal_dbm_min,0.024316401903736528
drop_mgmt_fingerprint,rf_per_bssid,RogueAP_30.csv,radiotap_signal_dbm_range,0.020978671111213182
drop_mgmt_fingerprint,rf_per_bssid,RogueAP_30.csv,seq_present_ratio,0.02012649673981256
drop_mgmt_fingerprint,rf_per_bssid,RogueAP_30.csv,radiotap_signal_dbm_max,0.019942313976294597
drop_mgmt_fingerprint,rf_per_bssid,RogueAP_30.csv,radiotap_signal_dbm_mean,0.01970430199750883
drop_mgmt_fingerprint,rf_per_bssid,RogueAP_30.csv,radiotap_signal_dbm_p25,0.019399584391978232
drop_mgmt_fingerprint,rf_per_bssid,RogueAP_30.csv,radiotap_signal_dbm_std,0.019271506200445158
drop_mgmt_fingerprint,rf_per_bssid,RogueAP_30.csv,seq_delta_abs_mean,0.01856301435208169
drop_mgmt_fingerprint,xgb_per_bssid,RogueAP_31.csv,fc_type_nunique,0.3134911060333252
drop_mgmt_fingerprint,xgb_per_bssid,RogueAP_31.csv,fc_type_0_ratio,0.0671180784702301
drop_mgmt_fingerprint,xgb_per_bssid,RogueAP_31.csv,radiotap_signal_dbm_range,0.06687570363283157
drop_mgmt_fingerprint,xgb_per_bssid,RogueAP_31.csv,radiotap_signal_dbm_max,0.026559587568044662
drop_mgmt_fingerprint,xgb_per_bssid,RogueAP_31.csv,radiotap_datarate_p25,0.022834090515971184
drop_mgmt_fingerprint,xgb_per_bssid,RogueAP_31.csv,fc_subtype_13_ratio,0.021512269973754883
drop_mgmt_fingerprint,xgb_per_bssid,RogueAP_31.csv,frame_len_max,0.021244926378130913
drop_mgmt_fingerprint,xgb_per_bssid,RogueAP_31.csv,iat_p95,0.020860014483332634
drop_mgmt_fingerprint,xgb_per_bssid,RogueAP_31.csv,iat_mean,0.01871311478316784
drop_mgmt_fingerprint,xgb_per_bssid,RogueAP_31.csv,iat_std,0.01851748302578926
drop_mgmt_fingerprint,xgb_per_bssid,RogueAP_31.csv,fc_subtype_0_ratio,0.0176494512706995
drop_mgmt_fingerprint,xgb_per_bssid,RogueAP_31.csv,frame_len_range,0.016161998733878136
drop_mgmt_fingerprint,xgb_per_bssid,RogueAP_31.csv,radiotap_signal_dbm_min,0.015498442575335503
drop_mgmt_fingerprint,xgb_per_bssid,RogueAP_31.csv,fc_subtype_8_ratio,0.012026399374008179
drop_mgmt_fingerprint,xgb_per_bssid,RogueAP_31.csv,radiotap_signal_dbm_mean,0.011598688550293446
drop_mgmt_fingerprint,rf_per_bssid,RogueAP_31.csv,fc_type_nunique,0.14683646469500658
drop_mgmt_fingerprint,rf_per_bssid,RogueAP_31.csv,fc_type_0_ratio,0.1292615940556189
drop_mgmt_fingerprint,rf_per_bssid,RogueAP_31.csv,radiotap_datarate_min,0.07137610835773427
drop_mgmt_fingerprint,rf_per_bssid,RogueAP_31.csv,radio_data_rate_min,0.056096502437662676
drop_mgmt_fingerprint,rf_per_bssid,RogueAP_31.csv,radiotap_datarate_mean,0.05465370109106301
drop_mgmt_fingerprint,rf_per_bssid,RogueAP_31.csv,radiotap_datarate_std,0.03715171576741153
drop_mgmt_fingerprint,rf_per_bssid,RogueAP_31.csv,radiotap_datarate_range,0.033517816563037955
drop_mgmt_fingerprint,rf_per_bssid,RogueAP_31.csv,radiotap_signal_dbm_min,0.023586145022976405
drop_mgmt_fingerprint,rf_per_bssid,RogueAP_31.csv,radiotap_signal_dbm_std,0.0214180883813213
drop_mgmt_fingerprint,rf_per_bssid,RogueAP_31.csv,radiotap_signal_dbm_mean,0.02066945771325813
drop_mgmt_fingerprint,rf_per_bssid,RogueAP_31.csv,frame_len_max,0.020532172359338578
drop_mgmt_fingerprint,rf_per_bssid,RogueAP_31.csv,radiotap_signal_dbm_p75,0.020337129413219864
drop_mgmt_fingerprint,rf_per_bssid,RogueAP_31.csv,radiotap_signal_dbm_max,0.020330522570091894
drop_mgmt_fingerprint,rf_per_bssid,RogueAP_31.csv,radiotap_signal_dbm_range,0.01906595099147687
drop_mgmt_fingerprint,rf_per_bssid,RogueAP_31.csv,seq_present_ratio,0.01817076386848815
drop_mgmt_fingerprint,xgb_per_bssid,RogueAP_32.csv,fc_type_nunique,0.3035089075565338
drop_mgmt_fingerprint,xgb_per_bssid,RogueAP_32.csv,fc_type_0_ratio,0.060436882078647614
drop_mgmt_fingerprint,xgb_per_bssid,RogueAP_32.csv,radiotap_signal_dbm_range,0.04506472498178482
drop_mgmt_fingerprint,xgb_per_bssid,RogueAP_32.csv,radiotap_signal_dbm_max,0.04397079348564148
drop_mgmt_fingerprint,xgb_per_bssid,RogueAP_32.csv,iat_p95,0.025225864723324776
drop_mgmt_fingerprint,xgb_per_bssid,RogueAP_32.csv,fc_subtype_13_ratio,0.022934049367904663
drop_mgmt_fingerprint,xgb_per_bssid,RogueAP_32.csv,radiotap_signal_dbm_mean,0.022652141749858856
drop_mgmt_fingerprint,xgb_per_bssid,RogueAP_32.csv,radiotap_datarate_p25,0.020507702603936195
drop_mgmt_fingerprint,xgb_per_bssid,RogueAP_32.csv,frame_len_max,0.019878247752785683
drop_mgmt_fingerprint,xgb_per_bssid,RogueAP_32.csv,radiotap_signal_dbm_p25,0.018573705106973648
drop_mgmt_fingerprint,xgb_per_bssid,RogueAP_32.csv,iat_std,0.018330728635191917
drop_mgmt_fingerprint,xgb_per_bssid,RogueAP_32.csv,iat_mean,0.01735660806298256
drop_mgmt_fingerprint,xgb_per_bssid,RogueAP_32.csv,fc_subtype_0_ratio,0.017303263768553734
drop_mgmt_fingerprint,xgb_per_bssid,RogueAP_32.csv,radiotap_signal_dbm_min,0.016585517674684525
drop_mgmt_fingerprint,xgb_per_bssid,RogueAP_32.csv,frame_len_range,0.015177078545093536
drop_mgmt_fingerprint,rf_per_bssid,RogueAP_32.csv,fc_type_nunique,0.13593228809601582
drop_mgmt_fingerprint,rf_per_bssid,RogueAP_32.csv,fc_type_0_ratio,0.12877000859740723
drop_mgmt_fingerprint,rf_per_bssid,RogueAP_32.csv,radiotap_datarate_min,0.08317941698533558
drop_mgmt_fingerprint,rf_per_bssid,RogueAP_32.csv,radio_data_rate_min,0.05526208827779032
drop_mgmt_fingerprint,rf_per_bssid,RogueAP_32.csv,radiotap_datarate_mean,0.04949945819530643
drop_mgmt_fingerprint,rf_per_bssid,RogueAP_32.csv,radiotap_datarate_range,0.040855216157126166
drop_mgmt_fingerprint,rf_per_bssid,RogueAP_32.csv,radiotap_datarate_std,0.03254596238859458
drop_mgmt_fingerprint,rf_per_bssid,RogueAP_32.csv,seq_present_ratio,0.02314545028528084
drop_mgmt_fingerprint,rf_per_bssid,RogueAP_32.csv,radiotap_signal_dbm_min,0.022798868509619718
drop_mgmt_fingerprint,rf_per_bssid,RogueAP_32.csv,radiotap_signal_dbm_std,0.02115562845876007
drop_mgmt_fingerprint,rf_per_bssid,RogueAP_32.csv,radiotap_signal_dbm_max,0.02030514492441885
drop_mgmt_fingerprint,rf_per_bssid,RogueAP_32.csv,radiotap_signal_dbm_range,0.019122740832105356
drop_mgmt_fingerprint,rf_per_bssid,RogueAP_32.csv,radiotap_signal_dbm_p25,0.01886756418683628
drop_mgmt_fingerprint,rf_per_bssid,RogueAP_32.csv,radiotap_signal_dbm_mean,0.018333592000291728
drop_mgmt_fingerprint,rf_per_bssid,RogueAP_32.csv,frame_len_max,0.018021303307192194
drop_mgmt_fingerprint,xgb_per_bssid,RogueAP_33.csv,fc_type_nunique,0.29883331060409546
drop_mgmt_fingerprint,xgb_per_bssid,RogueAP_33.csv,fc_type_0_ratio,0.0651845782995224
drop_mgmt_fingerprint,xgb_per_bssid,RogueAP_33.csv,radiotap_signal_dbm_max,0.05076955258846283
drop_mgmt_fingerprint,xgb_per_bssid,RogueAP_33.csv,radiotap_signal_dbm_range,0.03900646045804024
drop_mgmt_fingerprint,xgb_per_bssid,RogueAP_33.csv,radiotap_datarate_p25,0.021260734647512436
drop_mgmt_fingerprint,xgb_per_bssid,RogueAP_33.csv,iat_p95,0.021069582551717758
drop_mgmt_fingerprint,xgb_per_bssid,RogueAP_33.csv,radiotap_signal_dbm_min,0.02026083506643772
drop_mgmt_fingerprint,xgb_per_bssid,RogueAP_33.csv,frame_len_max,0.019468314945697784
drop_mgmt_fingerprint,xgb_per_bssid,RogueAP_33.csv,fc_subtype_13_ratio,0.01944884844124317
drop_mgmt_fingerprint,xgb_per_bssid,RogueAP_33.csv,iat_mean,0.019060835242271423
drop_mgmt_fingerprint,xgb_per_bssid,RogueAP_33.csv,fc_subtype_0_ratio,0.01696731150150299
drop_mgmt_fingerprint,xgb_per_bssid,RogueAP_33.csv,iat_std,0.015524947084486485
drop_mgmt_fingerprint,xgb_per_bssid,RogueAP_33.csv,radiotap_signal_dbm_mean,0.014082392677664757
drop_mgmt_fingerprint,xgb_per_bssid,RogueAP_33.csv,frame_len_p50,0.013847537338733673
drop_mgmt_fingerprint,xgb_per_bssid,RogueAP_33.csv,seq_present_ratio,0.01382515300065279
drop_mgmt_fingerprint,rf_per_bssid,RogueAP_33.csv,fc_type_0_ratio,0.13744305025893427
drop_mgmt_fingerprint,rf_per_bssid,RogueAP_33.csv,fc_type_nunique,0.13459982272577406
drop_mgmt_fingerprint,rf_per_bssid,RogueAP_33.csv,radiotap_datarate_min,0.07544019830361717
drop_mgmt_fingerprint,rf_per_bssid,RogueAP_33.csv,radiotap_datarate_mean,0.050284548490417476
drop_mgmt_fingerprint,rf_per_bssid,RogueAP_33.csv,radio_data_rate_min,0.049811563371035567
drop_mgmt_fingerprint,rf_per_bssid,RogueAP_33.csv,radiotap_datarate_std,0.036163000075826617
drop_mgmt_fingerprint,rf_per_bssid,RogueAP_33.csv,radiotap_datarate_range,0.03533675670127264
drop_mgmt_fingerprint,rf_per_bssid,RogueAP_33.csv,radiotap_signal_dbm_min,0.02554845705462749
drop_mgmt_fingerprint,rf_per_bssid,RogueAP_33.csv,seq_present_ratio,0.020908068662200574
drop_mgmt_fingerprint,rf_per_bssid,RogueAP_33.csv,radiotap_signal_dbm_max,0.019501476433798973
drop_mgmt_fingerprint,rf_per_bssid,RogueAP_33.csv,radiotap_signal_dbm_mean,0.019051589128145
drop_mgmt_fingerprint,rf_per_bssid,RogueAP_33.csv,radiotap_signal_dbm_std,0.01896253320339167
drop_mgmt_fingerprint,rf_per_bssid,RogueAP_33.csv,radiotap_signal_dbm_range,0.01895994397152112
drop_mgmt_fingerprint,rf_per_bssid,RogueAP_33.csv,radiotap_signal_dbm_p75,0.01868291049051455
drop_mgmt_fingerprint,rf_per_bssid,RogueAP_33.csv,radiotap_signal_dbm_p25,0.018544929770180105
drop_mgmt_fingerprint,xgb_per_bssid,RogueAP_34.csv,fc_type_nunique,0.29794594645500183
drop_mgmt_fingerprint,xgb_per_bssid,RogueAP_34.csv,fc_type_0_ratio,0.07435867190361023
drop_mgmt_fingerprint,xgb_per_bssid,RogueAP_34.csv,radiotap_signal_dbm_max,0.05650394409894943
drop_mgmt_fingerprint,xgb_per_bssid,RogueAP_34.csv,radiotap_signal_dbm_range,0.04556579887866974
drop_mgmt_fingerprint,xgb_per_bssid,RogueAP_34.csv,radiotap_datarate_p25,0.03308795392513275
drop_mgmt_fingerprint,xgb_per_bssid,RogueAP_34.csv,fc_subtype_13_ratio,0.020982882007956505
drop_mgmt_fingerprint,xgb_per_bssid,RogueAP_34.csv,iat_mean,0.020307600498199463
drop_mgmt_fingerprint,xgb_per_bssid,RogueAP_34.csv,iat_p95,0.018363378942012787
drop_mgmt_fingerprint,xgb_per_bssid,RogueAP_34.csv,frame_len_max,0.017465757206082344
drop_mgmt_fingerprint,xgb_per_bssid,RogueAP_34.csv,fc_subtype_0_ratio,0.017322329804301262
drop_mgmt_fingerprint,xgb_per_bssid,RogueAP_34.csv,frame_len_range,0.01706196367740631
drop_mgmt_fingerprint,xgb_per_bssid,RogueAP_34.csv,iat_std,0.015747392550110817
drop_mgmt_fingerprint,xgb_per_bssid,RogueAP_34.csv,radiotap_signal_dbm_mean,0.015169506892561913
drop_mgmt_fingerprint,xgb_per_bssid,RogueAP_34.csv,llc_ratio,0.014987808652222157
drop_mgmt_fingerprint,xgb_per_bssid,RogueAP_34.csv,radiotap_signal_dbm_min,0.014875221066176891
drop_mgmt_fingerprint,rf_per_bssid,RogueAP_34.csv,fc_type_0_ratio,0.13779391197516888
drop_mgmt_fingerprint,rf_per_bssid,RogueAP_34.csv,fc_type_nunique,0.136488641327333
drop_mgmt_fingerprint,rf_per_bssid,RogueAP_34.csv,radiotap_datarate_min,0.07757743479911866
drop_mgmt_fingerprint,rf_per_bssid,RogueAP_34.csv,radiotap_datarate_mean,0.053228347931237804
drop_mgmt_fingerprint,rf_per_bssid,RogueAP_34.csv,radio_data_rate_min,0.05138014176280285
drop_mgmt_fingerprint,rf_per_bssid,RogueAP_34.csv,radiotap_datarate_std,0.03409131176581066
drop_mgmt_fingerprint,rf_per_bssid,RogueAP_34.csv,radiotap_datarate_range,0.03350154451486855
drop_mgmt_fingerprint,rf_per_bssid,RogueAP_34.csv,radiotap_signal_dbm_min,0.02391336676816677
drop_mgmt_fingerprint,rf_per_bssid,RogueAP_34.csv,radiotap_signal_dbm_std,0.021917258750303148
drop_mgmt_fingerprint,rf_per_bssid,RogueAP_34.csv,radiotap_signal_dbm_max,0.02136014116849691
drop_mgmt_fingerprint,rf_per_bssid,RogueAP_34.csv,radiotap_signal_dbm_p75,0.020083622820178296
drop_mgmt_fingerprint,rf_per_bssid,RogueAP_34.csv,radiotap_signal_dbm_p25,0.019753969345188034
drop_mgmt_fingerprint,rf_per_bssid,RogueAP_34.csv,seq_present_ratio,0.019669189252485737
drop_mgmt_fingerprint,rf_per_bssid,RogueAP_34.csv,radiotap_signal_dbm_range,0.019205213805169298
drop_mgmt_fingerprint,rf_per_bssid,RogueAP_34.csv,radiotap_signal_dbm_mean,0.01900928724113362
drop_mgmt_fingerprint,xgb_per_bssid,RogueAP_35.csv,fc_type_nunique,0.30712050199508667
drop_mgmt_fingerprint,xgb_per_bssid,RogueAP_35.csv,fc_type_0_ratio,0.06718467175960541
drop_mgmt_fingerprint,xgb_per_bssid,RogueAP_35.csv,radiotap_signal_dbm_max,0.05987796559929848
drop_mgmt_fingerprint,xgb_per_bssid,RogueAP_35.csv,radiotap_signal_dbm_mean,0.03477650135755539
drop_mgmt_fingerprint,xgb_per_bssid,RogueAP_35.csv,radiotap_signal_dbm_range,0.02267041988670826
drop_mgmt_fingerprint,xgb_per_bssid,RogueAP_35.csv,iat_p95,0.020050592720508575
drop_mgmt_fingerprint,xgb_per_bssid,RogueAP_35.csv,frame_len_max,0.020032934844493866
drop_mgmt_fingerprint,xgb_per_bssid,RogueAP_35.csv,fc_subtype_13_ratio,0.019519492983818054
drop_mgmt_fingerprint,xgb_per_bssid,RogueAP_35.csv,iat_mean,0.017949847504496574
drop_mgmt_fingerprint,xgb_per_bssid,RogueAP_35.csv,fc_subtype_0_ratio,0.0174296535551548
drop_mgmt_fingerprint,xgb_per_bssid,RogueAP_35.csv,radiotap_signal_dbm_min,0.017014307901263237
drop_mgmt_fingerprint,xgb_per_bssid,RogueAP_35.csv,iat_std,0.016834232956171036
drop_mgmt_fingerprint,xgb_per_bssid,RogueAP_35.csv,frame_len_range,0.016656380146741867
drop_mgmt_fingerprint,xgb_per_bssid,RogueAP_35.csv,fc_subtype_8_ratio,0.014334328472614288
drop_mgmt_fingerprint,xgb_per_bssid,RogueAP_35.csv,radiotap_datarate_p25,0.010824549943208694
drop_mgmt_fingerprint,rf_per_bssid,RogueAP_35.csv,fc_type_0_ratio,0.13727210916366972
drop_mgmt_fingerprint,rf_per_bssid,RogueAP_35.csv,fc_type_nunique,0.13570908113421445
drop_mgmt_fingerprint,rf_per_bssid,RogueAP_35.csv,radiotap_datarate_min,0.08481371037954415
drop_mgmt_fingerprint,rf_per_bssid,RogueAP_35.csv,radio_data_rate_min,0.05820790951067301
drop_mgmt_fingerprint,rf_per_bssid,RogueAP_35.csv,radiotap_datarate_mean,0.047119660272239794
drop_mgmt_fingerprint,rf_per_bssid,RogueAP_35.csv,radiotap_datarate_std,0.037535894189759264
drop_mgmt_fingerprint,rf_per_bssid,RogueAP_35.csv,radiotap_datarate_range,0.033524857610646455
drop_mgmt_fingerprint,rf_per_bssid,RogueAP_35.csv,radiotap_signal_dbm_max,0.024994968944441563
drop_mgmt_fingerprint,rf_per_bssid,RogueAP_35.csv,radiotap_signal_dbm_min,0.023310938639245795
drop_mgmt_fingerprint,rf_per_bssid,RogueAP_35.csv,radiotap_signal_dbm_std,0.02144796192207981
drop_mgmt_fingerprint,rf_per_bssid,RogueAP_35.csv,radiotap_signal_dbm_mean,0.02112545915142634
drop_mgmt_fingerprint,rf_per_bssid,RogueAP_35.csv,radiotap_signal_dbm_p25,0.018765233043383126
drop_mgmt_fingerprint,rf_per_bssid,RogueAP_35.csv,radiotap_signal_dbm_p75,0.01875422935169415
drop_mgmt_fingerprint,rf_per_bssid,RogueAP_35.csv,radiotap_signal_dbm_range,0.0174818629153082
drop_mgmt_fingerprint,rf_per_bssid,RogueAP_35.csv,frame_len_max,0.016782452429773383
drop_mgmt_fingerprint,xgb_per_bssid,RogueAP_36.csv,fc_type_nunique,0.2972654402256012
drop_mgmt_fingerprint,xgb_per_bssid,RogueAP_36.csv,fc_type_0_ratio,0.06150243431329727
drop_mgmt_fingerprint,xgb_per_bssid,RogueAP_36.csv,radiotap_signal_dbm_max,0.04263417050242424
drop_mgmt_fingerprint,xgb_per_bssid,RogueAP_36.csv,radiotap_signal_dbm_range,0.04140336811542511
drop_mgmt_fingerprint,xgb_per_bssid,RogueAP_36.csv,radiotap_signal_dbm_std,0.04123426601290703
drop_mgmt_fingerprint,xgb_per_bssid,RogueAP_36.csv,frame_len_range,0.024236327037215233
drop_mgmt_fingerprint,xgb_per_bssid,RogueAP_36.csv,iat_mean,0.024124935269355774
drop_mgmt_fingerprint,xgb_per_bssid,RogueAP_36.csv,iat_p95,0.02131945639848709
drop_mgmt_fingerprint,xgb_per_bssid,RogueAP_36.csv,fc_subtype_13_ratio,0.020183227956295013
drop_mgmt_fingerprint,xgb_per_bssid,RogueAP_36.csv,fc_subtype_0_ratio,0.019290387630462646
drop_mgmt_fingerprint,xgb_per_bssid,RogueAP_36.csv,frame_len_max,0.018181726336479187
drop_mgmt_fingerprint,xgb_per_bssid,RogueAP_36.csv,radiotap_datarate_p25,0.017623284831643105
drop_mgmt_fingerprint,xgb_per_bssid,RogueAP_36.csv,radiotap_signal_dbm_min,0.016307910904288292
drop_mgmt_fingerprint,xgb_per_bssid,RogueAP_36.csv,iat_std,0.014352980069816113
drop_mgmt_fingerprint,xgb_per_bssid,RogueAP_36.csv,fc_subtype_8_ratio,0.014109283685684204
drop_mgmt_fingerprint,rf_per_bssid,RogueAP_36.csv,fc_type_nunique,0.1383420432613595
drop_mgmt_fingerprint,rf_per_bssid,RogueAP_36.csv,fc_type_0_ratio,0.12677911226522143
drop_mgmt_fingerprint,rf_per_bssid,RogueAP_36.csv,radiotap_datarate_min,0.0787723796939699
drop_mgmt_fingerprint,rf_per_bssid,RogueAP_36.csv,radiotap_datarate_mean,0.05501020514430534
drop_mgmt_fingerprint,rf_per_bssid,RogueAP_36.csv,radio_data_rate_min,0.05070365270585003
drop_mgmt_fingerprint,rf_per_bssid,RogueAP_36.csv,radiotap_datarate_range,0.040433699346610806
drop_mgmt_fingerprint,rf_per_bssid,RogueAP_36.csv,radiotap_datarate_std,0.03208810988930037
drop_mgmt_fingerprint,rf_per_bssid,RogueAP_36.csv,radiotap_signal_dbm_min,0.025358956304054624
drop_mgmt_fingerprint,rf_per_bssid,RogueAP_36.csv,radiotap_signal_dbm_mean,0.023183416899929865
drop_mgmt_fingerprint,rf_per_bssid,RogueAP_36.csv,frame_len_max,0.01975083187636121
drop_mgmt_fingerprint,rf_per_bssid,RogueAP_36.csv,radiotap_signal_dbm_max,0.01915588296060104
drop_mgmt_fingerprint,rf_per_bssid,RogueAP_36.csv,radiotap_signal_dbm_p75,0.018764300060469502
drop_mgmt_fingerprint,rf_per_bssid,RogueAP_36.csv,radiotap_signal_dbm_std,0.018704656722719967
drop_mgmt_fingerprint,rf_per_bssid,RogueAP_36.csv,radiotap_signal_dbm_p25,0.018574876980859387
drop_mgmt_fingerprint,rf_per_bssid,RogueAP_36.csv,seq_present_ratio,0.018186571489107333
drop_mgmt_fingerprint,xgb_per_bssid,RogueAP_37.csv,fc_type_nunique,0.2925809919834137
drop_mgmt_fingerprint,xgb_per_bssid,RogueAP_37.csv,fc_type_0_ratio,0.06302250921726227
drop_mgmt_fingerprint,xgb_per_bssid,RogueAP_37.csv,radiotap_signal_dbm_max,0.043438706547021866
drop_mgmt_fingerprint,xgb_per_bssid,RogueAP_37.csv,radiotap_signal_dbm_range,0.04081457853317261
drop_mgmt_fingerprint,xgb_per_bssid,RogueAP_37.csv,radiotap_datarate_p25,0.03164782375097275
drop_mgmt_fingerprint,xgb_per_bssid,RogueAP_37.csv,radiotap_signal_dbm_std,0.02851567231118679
drop_mgmt_fingerprint,xgb_per_bssid,RogueAP_37.csv,iat_mean,0.022225361317396164
drop_mgmt_fingerprint,xgb_per_bssid,RogueAP_37.csv,frame_len_max,0.020652636885643005
drop_mgmt_fingerprint,xgb_per_bssid,RogueAP_37.csv,iat_p95,0.017824383452534676
drop_mgmt_fingerprint,xgb_per_bssid,RogueAP_37.csv,fc_subtype_0_ratio,0.017758792266249657
drop_mgmt_fingerprint,xgb_per_bssid,RogueAP_37.csv,fc_subtype_13_ratio,0.017411189153790474
drop_mgmt_fingerprint,xgb_per_bssid,RogueAP_37.csv,radiotap_signal_dbm_mean,0.015283209271728992
drop_mgmt_fingerprint,xgb_per_bssid,RogueAP_37.csv,radiotap_signal_dbm_min,0.015118771232664585
drop_mgmt_fingerprint,xgb_per_bssid,RogueAP_37.csv,frame_len_range,0.014416255988180637
drop_mgmt_fingerprint,xgb_per_bssid,RogueAP_37.csv,iat_std,0.013510655611753464
drop_mgmt_fingerprint,rf_per_bssid,RogueAP_37.csv,fc_type_nunique,0.13465411845006214
drop_mgmt_fingerprint,rf_per_bssid,RogueAP_37.csv,fc_type_0_ratio,0.12656914731863214
drop_mgmt_fingerprint,rf_per_bssid,RogueAP_37.csv,radiotap_datarate_min,0.08114546482799556
drop_mgmt_fingerprint,rf_per_bssid,RogueAP_37.csv,radio_data_rate_min,0.05893479339298363
drop_mgmt_fingerprint,rf_per_bssid,RogueAP_37.csv,radiotap_datarate_mean,0.05162282147196607
drop_mgmt_fingerprint,rf_per_bssid,RogueAP_37.csv,radiotap_datarate_range,0.03479626317812035
drop_mgmt_fingerprint,rf_per_bssid,RogueAP_37.csv,radiotap_datarate_std,0.03463389477708249
drop_mgmt_fingerprint,rf_per_bssid,RogueAP_37.csv,radiotap_signal_dbm_std,0.02297966345824028
drop_mgmt_fingerprint,rf_per_bssid,RogueAP_37.csv,radiotap_signal_dbm_min,0.021372238687404777
drop_mgmt_fingerprint,rf_per_bssid,RogueAP_37.csv,radiotap_signal_dbm_mean,0.021086163033895655
drop_mgmt_fingerprint,rf_per_bssid,RogueAP_37.csv,frame_len_max,0.02034385045761752
drop_mgmt_fingerprint,rf_per_bssid,RogueAP_37.csv,radiotap_signal_dbm_p25,0.02005093643764786
drop_mgmt_fingerprint,rf_per_bssid,RogueAP_37.csv,radiotap_signal_dbm_max,0.019596888023436124
drop_mgmt_fingerprint,rf_per_bssid,RogueAP_37.csv,radiotap_signal_dbm_p75,0.019529186565337465
drop_mgmt_fingerprint,rf_per_bssid,RogueAP_37.csv,radiotap_signal_dbm_range,0.01917813698858658
drop_mgmt_fingerprint,xgb_per_bssid,RogueAP_38.csv,fc_type_nunique,0.2939748764038086
drop_mgmt_fingerprint,xgb_per_bssid,RogueAP_38.csv,fc_type_0_ratio,0.07601761072874069
drop_mgmt_fingerprint,xgb_per_bssid,RogueAP_38.csv,radiotap_signal_dbm_range,0.05049465596675873
drop_mgmt_fingerprint,xgb_per_bssid,RogueAP_38.csv,radiotap_signal_dbm_max,0.04438925161957741
drop_mgmt_fingerprint,xgb_per_bssid,RogueAP_38.csv,radiotap_signal_dbm_std,0.0300295390188694
drop_mgmt_fingerprint,xgb_per_bssid,RogueAP_38.csv,radiotap_datarate_p25,0.0274773258715868
drop_mgmt_fingerprint,xgb_per_bssid,RogueAP_38.csv,fc_subtype_13_ratio,0.022341672331094742
drop_mgmt_fingerprint,xgb_per_bssid,RogueAP_38.csv,iat_p95,0.02091378904879093
drop_mgmt_fingerprint,xgb_per_bssid,RogueAP_38.csv,frame_len_max,0.019643312320113182
drop_mgmt_fingerprint,xgb_per_bssid,RogueAP_38.csv,iat_mean,0.01737450435757637
drop_mgmt_fingerprint,xgb_per_bssid,RogueAP_38.csv,fc_subtype_0_ratio,0.01711997017264366
drop_mgmt_fingerprint,xgb_per_bssid,RogueAP_38.csv,iat_std,0.013709492050111294
drop_mgmt_fingerprint,xgb_per_bssid,RogueAP_38.csv,frame_len_range,0.012164929881691933
drop_mgmt_fingerprint,xgb_per_bssid,RogueAP_38.csv,fc_subtype_8_ratio,0.011910764500498772
drop_mgmt_fingerprint,xgb_per_bssid,RogueAP_38.csv,radiotap_signal_dbm_min,0.011859189718961716
drop_mgmt_fingerprint,rf_per_bssid,RogueAP_38.csv,fc_type_nunique,0.14126436660459138
drop_mgmt_fingerprint,rf_per_bssid,RogueAP_38.csv,fc_type_0_ratio,0.13279477899338085
drop_mgmt_fingerprint,rf_per_bssid,RogueAP_38.csv,radiotap_datarate_min,0.07941130353171205
drop_mgmt_fingerprint,rf_per_bssid,RogueAP_38.csv,radio_data_rate_min,0.05349831951041334
drop_mgmt_fingerprint,rf_per_bssid,RogueAP_38.csv,radiotap_datarate_mean,0.047489169399793786
drop_mgmt_fingerprint,rf_per_bssid,RogueAP_38.csv,radiotap_datarate_std,0.0381714148995354
drop_mgmt_fingerprint,rf_per_bssid,RogueAP_38.csv,radiotap_datarate_range,0.03618361912410036
drop_mgmt_fingerprint,rf_per_bssid,RogueAP_38.csv,radiotap_signal_dbm_min,0.023390777811479073
drop_mgmt_fingerprint,rf_per_bssid,RogueAP_38.csv,radiotap_signal_dbm_mean,0.02078750232204044
drop_mgmt_fingerprint,rf_per_bssid,RogueAP_38.csv,radiotap_signal_dbm_max,0.02047372425687885
drop_mgmt_fingerprint,rf_per_bssid,RogueAP_38.csv,radiotap_signal_dbm_p25,0.020105612905501138
drop_mgmt_fingerprint,rf_per_bssid,RogueAP_38.csv,radiotap_signal_dbm_p75,0.019360465048077004
drop_mgmt_fingerprint,rf_per_bssid,RogueAP_38.csv,radiotap_signal_dbm_std,0.018324261370802397
drop_mgmt_fingerprint,rf_per_bssid,RogueAP_38.csv,seq_present_ratio,0.0182212979659188
drop_mgmt_fingerprint,rf_per_bssid,RogueAP_38.csv,radiotap_signal_dbm_range,0.01813545980877405
drop_mgmt_fingerprint,xgb_per_bssid,RogueAP_39.csv,fc_type_nunique,0.2939748764038086
drop_mgmt_fingerprint,xgb_per_bssid,RogueAP_39.csv,fc_type_0_ratio,0.07601761072874069
drop_mgmt_fingerprint,xgb_per_bssid,RogueAP_39.csv,radiotap_signal_dbm_range,0.05049465596675873
drop_mgmt_fingerprint,xgb_per_bssid,RogueAP_39.csv,radiotap_signal_dbm_max,0.04438925161957741
drop_mgmt_fingerprint,xgb_per_bssid,RogueAP_39.csv,radiotap_signal_dbm_std,0.0300295390188694
drop_mgmt_fingerprint,xgb_per_bssid,RogueAP_39.csv,radiotap_datarate_p25,0.0274773258715868
drop_mgmt_fingerprint,xgb_per_bssid,RogueAP_39.csv,fc_subtype_13_ratio,0.022341672331094742
drop_mgmt_fingerprint,xgb_per_bssid,RogueAP_39.csv,iat_p95,0.02091378904879093
drop_mgmt_fingerprint,xgb_per_bssid,RogueAP_39.csv,frame_len_max,0.019643312320113182
drop_mgmt_fingerprint,xgb_per_bssid,RogueAP_39.csv,iat_mean,0.01737450435757637
drop_mgmt_fingerprint,xgb_per_bssid,RogueAP_39.csv,fc_subtype_0_ratio,0.01711997017264366
drop_mgmt_fingerprint,xgb_per_bssid,RogueAP_39.csv,iat_std,0.013709492050111294
drop_mgmt_fingerprint,xgb_per_bssid,RogueAP_39.csv,frame_len_range,0.012164929881691933
drop_mgmt_fingerprint,xgb_per_bssid,RogueAP_39.csv,fc_subtype_8_ratio,0.011910764500498772
drop_mgmt_fingerprint,xgb_per_bssid,RogueAP_39.csv,radiotap_signal_dbm_min,0.011859189718961716
drop_mgmt_fingerprint,rf_per_bssid,RogueAP_39.csv,fc_type_nunique,0.14126436660459138
drop_mgmt_fingerprint,rf_per_bssid,RogueAP_39.csv,fc_type_0_ratio,0.13279477899338085
drop_mgmt_fingerprint,rf_per_bssid,RogueAP_39.csv,radiotap_datarate_min,0.07941130353171205
drop_mgmt_fingerprint,rf_per_bssid,RogueAP_39.csv,radio_data_rate_min,0.05349831951041334
drop_mgmt_fingerprint,rf_per_bssid,RogueAP_39.csv,radiotap_datarate_mean,0.047489169399793786
drop_mgmt_fingerprint,rf_per_bssid,RogueAP_39.csv,radiotap_datarate_std,0.0381714148995354
drop_mgmt_fingerprint,rf_per_bssid,RogueAP_39.csv,radiotap_datarate_range,0.03618361912410036
drop_mgmt_fingerprint,rf_per_bssid,RogueAP_39.csv,radiotap_signal_dbm_min,0.023390777811479073
drop_mgmt_fingerprint,rf_per_bssid,RogueAP_39.csv,radiotap_signal_dbm_mean,0.02078750232204044
drop_mgmt_fingerprint,rf_per_bssid,RogueAP_39.csv,radiotap_signal_dbm_max,0.02047372425687885
drop_mgmt_fingerprint,rf_per_bssid,RogueAP_39.csv,radiotap_signal_dbm_p25,0.020105612905501138
drop_mgmt_fingerprint,rf_per_bssid,RogueAP_39.csv,radiotap_signal_dbm_p75,0.019360465048077004
drop_mgmt_fingerprint,rf_per_bssid,RogueAP_39.csv,radiotap_signal_dbm_std,0.018324261370802397
drop_mgmt_fingerprint,rf_per_bssid,RogueAP_39.csv,seq_present_ratio,0.0182212979659188
drop_mgmt_fingerprint,rf_per_bssid,RogueAP_39.csv,radiotap_signal_dbm_range,0.01813545980877405
drop_phy_radio,xgb_per_bssid,RogueAP_23.csv,fixed_beacon_ratio,0.4312577545642853
drop_phy_radio,xgb_per_bssid,RogueAP_23.csv,fixed_beacon_present_ratio,0.20616577565670013
drop_phy_radio,xgb_per_bssid,RogueAP_23.csv,seq_present_ratio,0.041492436081171036
drop_phy_radio,xgb_per_bssid,RogueAP_23.csv,fc_type_1_ratio,0.021316079422831535
drop_phy_radio,xgb_per_bssid,RogueAP_23.csv,frame_len_p25,0.01181635633111
drop_phy_radio,xgb_per_bssid,RogueAP_23.csv,fc_subtype_0_ratio,0.011669809930026531
drop_phy_radio,xgb_per_bssid,RogueAP_23.csv,retry_ratio,0.010872079990804195
drop_phy_radio,xgb_per_bssid,RogueAP_23.csv,tag_length_present_ratio,0.010350832715630531
drop_phy_radio,xgb_per_bssid,RogueAP_23.csv,fc_subtype_13_ratio,0.00990015733987093
drop_phy_radio,xgb_per_bssid,RogueAP_23.csv,fc_type_0_ratio,0.009736786596477032
drop_phy_radio,xgb_per_bssid,RogueAP_23.csv,fc_type_2_ratio,0.009668536484241486
drop_phy_radio,xgb_per_bssid,RogueAP_23.csv,frame_len_max,0.008890683762729168
drop_phy_radio,xgb_per_bssid,RogueAP_23.csv,tcp_ack_present_ratio,0.008195812813937664
drop_phy_radio,xgb_per_bssid,RogueAP_23.csv,fc_subtype_8_ratio,0.008137249387800694
drop_phy_radio,xgb_per_bssid,RogueAP_23.csv,fc_type_nunique,0.00809552427381277
drop_phy_radio,rf_per_bssid,RogueAP_23.csv,fixed_beacon_present_ratio,0.1374936272892827
drop_phy_radio,rf_per_bssid,RogueAP_23.csv,fixed_beacon_ratio,0.11943032126143102
drop_phy_radio,rf_per_bssid,RogueAP_23.csv,cap_ess_ratio,0.11320663947172112
drop_phy_radio,rf_per_bssid,RogueAP_23.csv,cap_ibss_present_ratio,0.08235085671670989
drop_phy_radio,rf_per_bssid,RogueAP_23.csv,cap_ess_present_ratio,0.08089631458190231
drop_phy_radio,rf_per_bssid,RogueAP_23.csv,ssid_nunique,0.07889812975014582
drop_phy_radio,rf_per_bssid,RogueAP_23.csv,ssid_present_ratio,0.05973080902450427
drop_phy_radio,rf_per_bssid,RogueAP_23.csv,fc_type_nunique,0.05191275581342021
drop_phy_radio,rf_per_bssid,RogueAP_23.csv,tag_length_present_ratio,0.049258667845205224
drop_phy_radio,rf_per_bssid,RogueAP_23.csv,fc_type_0_ratio,0.0327384618411367
drop_phy_radio,rf_per_bssid,RogueAP_23.csv,seq_present_ratio,0.01484033380982946
drop_phy_radio,rf_per_bssid,RogueAP_23.csv,fc_type_1_ratio,0.012987747886108267
drop_phy_radio,rf_per_bssid,RogueAP_23.csv,wlan_duration_min,0.011181493890483134
drop_phy_radio,rf_per_bssid,RogueAP_23.csv,seq_negative_delta_ratio,0.00983589373122085
drop_phy_radio,rf_per_bssid,RogueAP_23.csv,seq_delta_abs_mean,0.008046980469410754
drop_phy_radio,xgb_per_bssid,RogueAP_24.csv,fixed_beacon_ratio,0.44930633902549744
drop_phy_radio,xgb_per_bssid,RogueAP_24.csv,fixed_beacon_present_ratio,0.2080901861190796
drop_phy_radio,xgb_per_bssid,RogueAP_24.csv,seq_present_ratio,0.031574953347444534
drop_phy_radio,xgb_per_bssid,RogueAP_24.csv,fc_type_1_ratio,0.023866288363933563
drop_phy_radio,xgb_per_bssid,RogueAP_24.csv,retry_ratio,0.012176341377198696
drop_phy_radio,xgb_per_bssid,RogueAP_24.csv,fc_subtype_0_ratio,0.011525227688252926
drop_phy_radio,xgb_per_bssid,RogueAP_24.csv,fc_subtype_13_ratio,0.010907292366027832
drop_phy_radio,xgb_per_bssid,RogueAP_24.csv,fc_type_nunique,0.010885895229876041
drop_phy_radio,xgb_per_bssid,RogueAP_24.csv,cap_ess_present_ratio,0.010389790870249271
drop_phy_radio,xgb_per_bssid,RogueAP_24.csv,wlan_duration_p25,0.010376542806625366
drop_phy_radio,xgb_per_bssid,RogueAP_24.csv,fc_type_0_ratio,0.009756372310221195
drop_phy_radio,xgb_per_bssid,RogueAP_24.csv,fc_type_2_ratio,0.009332082234323025
drop_phy_radio,xgb_per_bssid,RogueAP_24.csv,udp_length_present_ratio,0.008185028098523617
drop_phy_radio,xgb_per_bssid,RogueAP_24.csv,tag_length_present_ratio,0.007459173910319805
drop_phy_radio,xgb_per_bssid,RogueAP_24.csv,iat_p95,0.007436714135110378
drop_phy_radio,rf_per_bssid,RogueAP_24.csv,fixed_beacon_present_ratio,0.1371047321789694
drop_phy_radio,rf_per_bssid,RogueAP_24.csv,fixed_beacon_ratio,0.13176384908976105
drop_phy_radio,rf_per_bssid,RogueAP_24.csv,cap_ess_ratio,0.10697476055415092
drop_phy_radio,rf_per_bssid,RogueAP_24.csv,cap_ess_present_ratio,0.08860711139596447
drop_phy_radio,rf_per_bssid,RogueAP_24.csv,ssid_nunique,0.08762816036510652
drop_phy_radio,rf_per_bssid,RogueAP_24.csv,cap_ibss_present_ratio,0.07555062546123965
drop_phy_radio,rf_per_bssid,RogueAP_24.csv,fc_type_nunique,0.05534932589309594
drop_phy_radio,rf_per_bssid,RogueAP_24.csv,tag_length_present_ratio,0.04712049405480155
drop_phy_radio,rf_per_bssid,RogueAP_24.csv,ssid_present_ratio,0.04672090174940206
drop_phy_radio,rf_per_bssid,RogueAP_24.csv,fc_type_0_ratio,0.024765319706762327
drop_phy_radio,rf_per_bssid,RogueAP_24.csv,seq_present_ratio,0.018130949827376897
drop_phy_radio,rf_per_bssid,RogueAP_24.csv,fc_type_1_ratio,0.013139207150759434
drop_phy_radio,rf_per_bssid,RogueAP_24.csv,wlan_duration_min,0.010243826137717843
drop_phy_radio,rf_per_bssid,RogueAP_24.csv,seq_negative_delta_ratio,0.008429738281344284
drop_phy_radio,rf_per_bssid,RogueAP_24.csv,beacon_iat_mean,0.008158368841179063
drop_phy_radio,xgb_per_bssid,RogueAP_25.csv,fixed_beacon_ratio,0.45326757431030273
drop_phy_radio,xgb_per_bssid,RogueAP_25.csv,fixed_beacon_present_ratio,0.19473645091056824
drop_phy_radio,xgb_per_bssid,RogueAP_25.csv,seq_present_ratio,0.02866855449974537
drop_phy_radio,xgb_per_bssid,RogueAP_25.csv,fc_type_1_ratio,0.02606653794646263
drop_phy_radio,xgb_per_bssid,RogueAP_25.csv,fc_subtype_0_ratio,0.013562770560383797
drop_phy_radio,xgb_per_bssid,RogueAP_25.csv,ssid_present_ratio,0.012979836203157902
drop_phy_radio,xgb_per_bssid,RogueAP_25.csv,retry_ratio,0.01071260217577219
drop_phy_radio,xgb_per_bssid,RogueAP_25.csv,fc_type_nunique,0.01060169842094183
drop_phy_radio,xgb_per_bssid,RogueAP_25.csv,fc_subtype_13_ratio,0.010499456897377968
drop_phy_radio,xgb_per_bssid,RogueAP_25.csv,fc_type_0_ratio,0.009942498989403248
drop_phy_radio,xgb_per_bssid,RogueAP_25.csv,beacon_iat_mean,0.009605568833649158
drop_phy_radio,xgb_per_bssid,RogueAP_25.csv,frame_len_p25,0.009277020581066608
drop_phy_radio,xgb_per_bssid,RogueAP_25.csv,moredata_ratio,0.008964481763541698
drop_phy_radio,xgb_per_bssid,RogueAP_25.csv,fc_type_2_ratio,0.008450047113001347
drop_phy_radio,xgb_per_bssid,RogueAP_25.csv,frame_len_range,0.0081478888168931
drop_phy_radio,rf_per_bssid,RogueAP_25.csv,fixed_beacon_present_ratio,0.1345886120762019
drop_phy_radio,rf_per_bssid,RogueAP_25.csv,fixed_beacon_ratio,0.1161584289547456
drop_phy_radio,rf_per_bssid,RogueAP_25.csv,cap_ess_ratio,0.10291627431036864
drop_phy_radio,rf_per_bssid,RogueAP_25.csv,cap_ess_present_ratio,0.09464670947461735
drop_phy_radio,rf_per_bssid,RogueAP_25.csv,cap_ibss_present_ratio,0.08180252326959471
drop_phy_radio,rf_per_bssid,RogueAP_25.csv,ssid_nunique,0.08138454813103319
drop_phy_radio,rf_per_bssid,RogueAP_25.csv,tag_length_present_ratio,0.0557557912999473
drop_phy_radio,rf_per_bssid,RogueAP_25.csv,fc_type_nunique,0.05407027050577279
drop_phy_radio,rf_per_bssid,RogueAP_25.csv,ssid_present_ratio,0.05349116410991917
drop_phy_radio,rf_per_bssid,RogueAP_25.csv,fc_type_0_ratio,0.02782659005348044
drop_phy_radio,rf_per_bssid,RogueAP_25.csv,seq_present_ratio,0.017189507833022113
drop_phy_radio,rf_per_bssid,RogueAP_25.csv,fc_type_1_ratio,0.013154791646884791
drop_phy_radio,rf_per_bssid,RogueAP_25.csv,wlan_duration_min,0.012015037591823114
drop_phy_radio,rf_per_bssid,RogueAP_25.csv,seq_negative_delta_ratio,0.009363485630679803
drop_phy_radio,rf_per_bssid,RogueAP_25.csv,beacon_iat_mean,0.008380873625212804
drop_phy_radio,xgb_per_bssid,RogueAP_26.csv,fixed_beacon_ratio,0.4317960739135742
drop_phy_radio,xgb_per_bssid,RogueAP_26.csv,fixed_beacon_present_ratio,0.20656083524227142
drop_phy_radio,xgb_per_bssid,RogueAP_26.csv,seq_present_ratio,0.03559084236621857
drop_phy_radio,xgb_per_bssid,RogueAP_26.csv,fc_type_1_ratio,0.024775458499789238
drop_phy_radio,xgb_per_bssid,RogueAP_26.csv,fc_subtype_0_ratio,0.012475530616939068
drop_phy_radio,xgb_per_bssid,RogueAP_26.csv,retry_ratio,0.010882165282964706
drop_phy_radio,xgb_per_bssid,RogueAP_26.csv,fc_subtype_13_ratio,0.010531371459364891
drop_phy_radio,xgb_per_bssid,RogueAP_26.csv,fc_type_nunique,0.010448569431900978
drop_phy_radio,xgb_per_bssid,RogueAP_26.csv,fc_type_0_ratio,0.010404294356703758
drop_phy_radio,xgb_per_bssid,RogueAP_26.csv,frame_len_std,0.009043358266353607
drop_phy_radio,xgb_per_bssid,RogueAP_26.csv,fc_subtype_8_ratio,0.008707527071237564
drop_phy_radio,xgb_per_bssid,RogueAP_26.csv,tcp_ack_present_ratio,0.008204387500882149
drop_phy_radio,xgb_per_bssid,RogueAP_26.csv,moredata_ratio,0.007897607982158661
drop_phy_radio,xgb_per_bssid,RogueAP_26.csv,tcp_syn_present_ratio,0.007703765295445919
drop_phy_radio,xgb_per_bssid,RogueAP_26.csv,frame_len_p25,0.00769989937543869
drop_phy_radio,rf_per_bssid,RogueAP_26.csv,fixed_beacon_present_ratio,0.1290499476470788
drop_phy_radio,rf_per_bssid,RogueAP_26.csv,fixed_beacon_ratio,0.10500074312187684
drop_phy_radio,rf_per_bssid,RogueAP_26.csv,cap_ess_ratio,0.10467124451471496
drop_phy_radio,rf_per_bssid,RogueAP_26.csv,cap_ess_present_ratio,0.09392057756003606
drop_phy_radio,rf_per_bssid,RogueAP_26.csv,ssid_nunique,0.08563410146388666
drop_phy_radio,rf_per_bssid,RogueAP_26.csv,cap_ibss_present_ratio,0.06835120711635753
drop_phy_radio,rf_per_bssid,RogueAP_26.csv,ssid_present_ratio,0.06438967717753862
drop_phy_radio,rf_per_bssid,RogueAP_26.csv,tag_length_present_ratio,0.060741196158209936
drop_phy_radio,rf_per_bssid,RogueAP_26.csv,fc_type_nunique,0.06035455276154997
drop_phy_radio,rf_per_bssid,RogueAP_26.csv,fc_type_0_ratio,0.025282778390115678
drop_phy_radio,rf_per_bssid,RogueAP_26.csv,seq_present_ratio,0.01645339019982675
drop_phy_radio,rf_per_bssid,RogueAP_26.csv,fc_type_1_ratio,0.01451186512851013
drop_phy_radio,rf_per_bssid,RogueAP_26.csv,wlan_duration_min,0.010555947326564926
drop_phy_radio,rf_per_bssid,RogueAP_26.csv,seq_negative_delta_ratio,0.009380515056412448
drop_phy_radio,rf_per_bssid,RogueAP_26.csv,fc_subtype_13_ratio,0.008632017606974659
drop_phy_radio,xgb_per_bssid,RogueAP_27.csv,fixed_beacon_ratio,0.4698101580142975
drop_phy_radio,xgb_per_bssid,RogueAP_27.csv,fixed_beacon_present_ratio,0.1976465880870819
drop_phy_radio,xgb_per_bssid,RogueAP_27.csv,seq_present_ratio,0.03632226958870888
drop_phy_radio,xgb_per_bssid,RogueAP_27.csv,fc_type_1_ratio,0.022521886974573135
drop_phy_radio,xgb_per_bssid,RogueAP_27.csv,fc_type_0_ratio,0.012205315753817558
drop_phy_radio,xgb_per_bssid,RogueAP_27.csv,fc_subtype_13_ratio,0.010865211486816406
drop_phy_radio,xgb_per_bssid,RogueAP_27.csv,retry_ratio,0.010312828235328197
drop_phy_radio,xgb_per_bssid,RogueAP_27.csv,fc_subtype_0_ratio,0.010212636552751064
drop_phy_radio,xgb_per_bssid,RogueAP_27.csv,ssid_present_ratio,0.010037128813564777
drop_phy_radio,xgb_per_bssid,RogueAP_27.csv,beacon_iat_mean,0.008590258657932281
drop_phy_radio,xgb_per_bssid,RogueAP_27.csv,fc_type_nunique,0.008233114145696163
drop_phy_radio,xgb_per_bssid,RogueAP_27.csv,frame_len_std,0.007666538003832102
drop_phy_radio,xgb_per_bssid,RogueAP_27.csv,tcp_syn_present_ratio,0.007607630454003811
drop_phy_radio,xgb_per_bssid,RogueAP_27.csv,moredata_ratio,0.007055265363305807
drop_phy_radio,xgb_per_bssid,RogueAP_27.csv,fc_type_2_ratio,0.006960141472518444
drop_phy_radio,rf_per_bssid,RogueAP_27.csv,fixed_beacon_present_ratio,0.13405940493508067
drop_phy_radio,rf_per_bssid,RogueAP_27.csv,fixed_beacon_ratio,0.11298144720465565
drop_phy_radio,rf_per_bssid,RogueAP_27.csv,cap_ess_ratio,0.11183617631944141
drop_phy_radio,rf_per_bssid,RogueAP_27.csv,cap_ess_present_ratio,0.0938917591416972
drop_phy_radio,rf_per_bssid,RogueAP_27.csv,ssid_nunique,0.08040952735261553
drop_phy_radio,rf_per_bssid,RogueAP_27.csv,cap_ibss_present_ratio,0.0686524908043465
drop_phy_radio,rf_per_bssid,RogueAP_27.csv,fc_type_nunique,0.06134750204529244
drop_phy_radio,rf_per_bssid,RogueAP_27.csv,tag_length_present_ratio,0.05653800580316106
drop_phy_radio,rf_per_bssid,RogueAP_27.csv,ssid_present_ratio,0.048048091258524106
drop_phy_radio,rf_per_bssid,RogueAP_27.csv,fc_type_0_ratio,0.03428012318963444
drop_phy_radio,rf_per_bssid,RogueAP_27.csv,seq_present_ratio,0.015607315948079143
drop_phy_radio,rf_per_bssid,RogueAP_27.csv,fc_type_1_ratio,0.015296669653456408
drop_phy_radio,rf_per_bssid,RogueAP_27.csv,wlan_duration_min,0.012393254623906402
drop_phy_radio,rf_per_bssid,RogueAP_27.csv,beacon_iat_mean,0.00983384878734703
drop_phy_radio,rf_per_bssid,RogueAP_27.csv,seq_negative_delta_ratio,0.009348094391820714
drop_phy_radio,xgb_per_bssid,RogueAP_28.csv,fixed_beacon_ratio,0.42124077677726746
drop_phy_radio,xgb_per_bssid,RogueAP_28.csv,fixed_beacon_present_ratio,0.20139312744140625
drop_phy_radio,xgb_per_bssid,RogueAP_28.csv,seq_present_ratio,0.04437287896871567
drop_phy_radio,xgb_per_bssid,RogueAP_28.csv,fc_type_1_ratio,0.031733617186546326
drop_phy_radio,xgb_per_bssid,RogueAP_28.csv,ssid_present_ratio,0.02713325433433056
drop_phy_radio,xgb_per_bssid,RogueAP_28.csv,fc_subtype_13_ratio,0.012785465456545353
drop_phy_radio,xgb_per_bssid,RogueAP_28.csv,tcp_ack_present_ratio,0.011155172251164913
drop_phy_radio,xgb_per_bssid,RogueAP_28.csv,retry_ratio,0.010548122227191925
drop_phy_radio,xgb_per_bssid,RogueAP_28.csv,fc_type_nunique,0.010422909632325172
drop_phy_radio,xgb_per_bssid,RogueAP_28.csv,udp_length_present_ratio,0.010296947322785854
drop_phy_radio,xgb_per_bssid,RogueAP_28.csv,fc_subtype_0_ratio,0.010015132836997509
drop_phy_radio,xgb_per_bssid,RogueAP_28.csv,tag_length_present_ratio,0.007896402850747108
drop_phy_radio,xgb_per_bssid,RogueAP_28.csv,fc_ds_00000000_ratio,0.007597203366458416
drop_phy_radio,xgb_per_bssid,RogueAP_28.csv,fc_subtype_8_ratio,0.007588929962366819
drop_phy_radio,xgb_per_bssid,RogueAP_28.csv,fc_type_2_ratio,0.007381625473499298
drop_phy_radio,rf_per_bssid,RogueAP_28.csv,fixed_beacon_present_ratio,0.12506530817073183
drop_phy_radio,rf_per_bssid,RogueAP_28.csv,fixed_beacon_ratio,0.12323204941853663
drop_phy_radio,rf_per_bssid,RogueAP_28.csv,cap_ess_ratio,0.11934586128049453
drop_phy_radio,rf_per_bssid,RogueAP_28.csv,cap_ess_present_ratio,0.0809258468986556
drop_phy_radio,rf_per_bssid,RogueAP_28.csv,ssid_nunique,0.07884036118294606
drop_phy_radio,rf_per_bssid,RogueAP_28.csv,ssid_present_ratio,0.07020484797644685
drop_phy_radio,rf_per_bssid,RogueAP_28.csv,cap_ibss_present_ratio,0.06754819044784098
drop_phy_radio,rf_per_bssid,RogueAP_28.csv,fc_type_nunique,0.0563495120279272
drop_phy_radio,rf_per_bssid,RogueAP_28.csv,tag_length_present_ratio,0.055471260051346734
drop_phy_radio,rf_per_bssid,RogueAP_28.csv,fc_type_0_ratio,0.025350472098068327
drop_phy_radio,rf_per_bssid,RogueAP_28.csv,seq_present_ratio,0.019244539574791043
drop_phy_radio,rf_per_bssid,RogueAP_28.csv,fc_type_1_ratio,0.013705006960623104
drop_phy_radio,rf_per_bssid,RogueAP_28.csv,wlan_duration_min,0.010094913168225032
drop_phy_radio,rf_per_bssid,RogueAP_28.csv,fc_subtype_11_ratio,0.009121987602633828
drop_phy_radio,rf_per_bssid,RogueAP_28.csv,fc_subtype_13_ratio,0.008172951125423178
drop_phy_radio,xgb_per_bssid,RogueAP_29.csv,fixed_beacon_ratio,0.44482094049453735
drop_phy_radio,xgb_per_bssid,RogueAP_29.csv,fixed_beacon_present_ratio,0.21363259851932526
drop_phy_radio,xgb_per_bssid,RogueAP_29.csv,seq_present_ratio,0.031587012112140656
drop_phy_radio,xgb_per_bssid,RogueAP_29.csv,fc_type_1_ratio,0.025250371545553207
drop_phy_radio,xgb_per_bssid,RogueAP_29.csv,fc_subtype_0_ratio,0.014840506948530674
drop_phy_radio,xgb_per_bssid,RogueAP_29.csv,ssid_present_ratio,0.014377281069755554
drop_phy_radio,xgb_per_bssid,RogueAP_29.csv,fc_type_nunique,0.01058853417634964
drop_phy_radio,xgb_per_bssid,RogueAP_29.csv,tcp_ack_present_ratio,0.010571804828941822
drop_phy_radio,xgb_per_bssid,RogueAP_29.csv,fc_type_0_ratio,0.009847914800047874
drop_phy_radio,xgb_per_bssid,RogueAP_29.csv,retry_ratio,0.009569748304784298
drop_phy_radio,xgb_per_bssid,RogueAP_29.csv,beacon_iat_mean,0.00899555254727602
drop_phy_radio,xgb_per_bssid,RogueAP_29.csv,fc_subtype_13_ratio,0.008833823725581169
drop_phy_radio,xgb_per_bssid,RogueAP_29.csv,frame_len_p25,0.008268733508884907
drop_phy_radio,xgb_per_bssid,RogueAP_29.csv,udp_length_present_ratio,0.008125798776745796
drop_phy_radio,xgb_per_bssid,RogueAP_29.csv,fc_subtype_12_ratio,0.007489088922739029
drop_phy_radio,rf_per_bssid,RogueAP_29.csv,fixed_beacon_present_ratio,0.1375315503506263
drop_phy_radio,rf_per_bssid,RogueAP_29.csv,fixed_beacon_ratio,0.13287972131526898
drop_phy_radio,rf_per_bssid,RogueAP_29.csv,cap_ess_ratio,0.11809337020767317
drop_phy_radio,rf_per_bssid,RogueAP_29.csv,cap_ess_present_ratio,0.08578289555092095
drop_phy_radio,rf_per_bssid,RogueAP_29.csv,ssid_nunique,0.07588788227043823
drop_phy_radio,rf_per_bssid,RogueAP_29.csv,cap_ibss_present_ratio,0.07447578854477649
drop_phy_radio,rf_per_bssid,RogueAP_29.csv,ssid_present_ratio,0.05528607994735759
drop_phy_radio,rf_per_bssid,RogueAP_29.csv,fc_type_nunique,0.054399173420589086
drop_phy_radio,rf_per_bssid,RogueAP_29.csv,tag_length_present_ratio,0.042466913674994014
drop_phy_radio,rf_per_bssid,RogueAP_29.csv,fc_type_0_ratio,0.03027563398664244
drop_phy_radio,rf_per_bssid,RogueAP_29.csv,seq_present_ratio,0.018528700490028794
drop_phy_radio,rf_per_bssid,RogueAP_29.csv,fc_type_1_ratio,0.01341633703680038
drop_phy_radio,rf_per_bssid,RogueAP_29.csv,wlan_duration_min,0.010758784885368395
drop_phy_radio,rf_per_bssid,RogueAP_29.csv,beacon_iat_mean,0.00875252752161366
drop_phy_radio,rf_per_bssid,RogueAP_29.csv,seq_negative_delta_ratio,0.008434837018453531
drop_phy_radio,xgb_per_bssid,RogueAP_30.csv,fixed_beacon_ratio,0.4264865815639496
drop_phy_radio,xgb_per_bssid,RogueAP_30.csv,fixed_beacon_present_ratio,0.21230939030647278
drop_phy_radio,xgb_per_bssid,RogueAP_30.csv,seq_present_ratio,0.03419286757707596
drop_phy_radio,xgb_per_bssid,RogueAP_30.csv,fc_type_1_ratio,0.027590138837695122
drop_phy_radio,xgb_per_bssid,RogueAP_30.csv,fc_subtype_0_ratio,0.01742597110569477
drop_phy_radio,xgb_per_bssid,RogueAP_30.csv,fc_type_0_ratio,0.012801081873476505
drop_phy_radio,xgb_per_bssid,RogueAP_30.csv,retry_ratio,0.011847504414618015
drop_phy_radio,xgb_per_bssid,RogueAP_30.csv,fc_type_2_ratio,0.011744799092411995
drop_phy_radio,xgb_per_bssid,RogueAP_30.csv,fc_subtype_13_ratio,0.011024178005754948
drop_phy_radio,xgb_per_bssid,RogueAP_30.csv,frame_len_std,0.0093112513422966
drop_phy_radio,xgb_per_bssid,RogueAP_30.csv,fc_type_nunique,0.0082411402836442
drop_phy_radio,xgb_per_bssid,RogueAP_30.csv,beacon_iat_mean,0.008171350695192814
drop_phy_radio,xgb_per_bssid,RogueAP_30.csv,iat_p95,0.00806545652449131
drop_phy_radio,xgb_per_bssid,RogueAP_30.csv,tcp_syn_present_ratio,0.007163467351347208
drop_phy_radio,xgb_per_bssid,RogueAP_30.csv,frame_len_max,0.007062448188662529
drop_phy_radio,rf_per_bssid,RogueAP_30.csv,fixed_beacon_ratio,0.1381027205162483
drop_phy_radio,rf_per_bssid,RogueAP_30.csv,fixed_beacon_present_ratio,0.11899246270037529
drop_phy_radio,rf_per_bssid,RogueAP_30.csv,cap_ess_ratio,0.10215524949777555
drop_phy_radio,rf_per_bssid,RogueAP_30.csv,cap_ibss_present_ratio,0.0962366946114795
drop_phy_radio,rf_per_bssid,RogueAP_30.csv,cap_ess_present_ratio,0.079973631623091
drop_phy_radio,rf_per_bssid,RogueAP_30.csv,ssid_nunique,0.07561564544340066
drop_phy_radio,rf_per_bssid,RogueAP_30.csv,ssid_present_ratio,0.057557725087848295
drop_phy_radio,rf_per_bssid,RogueAP_30.csv,fc_type_nunique,0.05219231609944772
drop_phy_radio,rf_per_bssid,RogueAP_30.csv,tag_length_present_ratio,0.05026765285209924
drop_phy_radio,rf_per_bssid,RogueAP_30.csv,fc_type_0_ratio,0.028928421863549394
drop_phy_radio,rf_per_bssid,RogueAP_30.csv,seq_present_ratio,0.017218143660178226
drop_phy_radio,rf_per_bssid,RogueAP_30.csv,fc_type_1_ratio,0.013348686684079465
drop_phy_radio,rf_per_bssid,RogueAP_30.csv,wlan_duration_min,0.010692420245156462
drop_phy_radio,rf_per_bssid,RogueAP_30.csv,fc_subtype_13_ratio,0.009939470903203108
drop_phy_radio,rf_per_bssid,RogueAP_30.csv,seq_negative_delta_ratio,0.009524872221755286
drop_phy_radio,xgb_per_bssid,RogueAP_31.csv,fixed_beacon_ratio,0.4487069249153137
drop_phy_radio,xgb_per_bssid,RogueAP_31.csv,fixed_beacon_present_ratio,0.19234804809093475
drop_phy_radio,xgb_per_bssid,RogueAP_31.csv,seq_present_ratio,0.031204605475068092
drop_phy_radio,xgb_per_bssid,RogueAP_31.csv,ssid_present_ratio,0.02705053985118866
drop_phy_radio,xgb_per_bssid,RogueAP_31.csv,fc_type_1_ratio,0.02534826286137104
drop_phy_radio,xgb_per_bssid,RogueAP_31.csv,fc_subtype_0_ratio,0.011409732513129711
drop_phy_radio,xgb_per_bssid,RogueAP_31.csv,fc_type_nunique,0.011139057576656342
drop_phy_radio,xgb_per_bssid,RogueAP_31.csv,fc_type_0_ratio,0.010165884159505367
drop_phy_radio,xgb_per_bssid,RogueAP_31.csv,fc_subtype_13_ratio,0.01009360421448946
drop_phy_radio,xgb_per_bssid,RogueAP_31.csv,fc_ds_00000000_ratio,0.009803399443626404
drop_phy_radio,xgb_per_bssid,RogueAP_31.csv,beacon_iat_mean,0.009181544184684753
drop_phy_radio,xgb_per_bssid,RogueAP_31.csv,retry_ratio,0.009178918786346912
drop_phy_radio,xgb_per_bssid,RogueAP_31.csv,frame_len_max,0.008773133158683777
drop_phy_radio,xgb_per_bssid,RogueAP_31.csv,frame_len_std,0.008695696480572224
drop_phy_radio,xgb_per_bssid,RogueAP_31.csv,tcp_ack_present_ratio,0.008629833348095417
drop_phy_radio,rf_per_bssid,RogueAP_31.csv,fixed_beacon_present_ratio,0.14022637652716305
drop_phy_radio,rf_per_bssid,RogueAP_31.csv,fixed_beacon_ratio,0.11882625392631253
drop_phy_radio,rf_per_bssid,RogueAP_31.csv,cap_ess_ratio,0.10608979635663125
drop_phy_radio,rf_per_bssid,RogueAP_31.csv,cap_ess_present_ratio,0.08774113105803058
drop_phy_radio,rf_per_bssid,RogueAP_31.csv,cap_ibss_present_ratio,0.0826340018974759
drop_phy_radio,rf_per_bssid,RogueAP_31.csv,ssid_nunique,0.07452554430723156
drop_phy_radio,rf_per_bssid,RogueAP_31.csv,ssid_present_ratio,0.06053073488782366
drop_phy_radio,rf_per_bssid,RogueAP_31.csv,fc_type_nunique,0.05468222115740321
drop_phy_radio,rf_per_bssid,RogueAP_31.csv,tag_length_present_ratio,0.048820862442306316
drop_phy_radio,rf_per_bssid,RogueAP_31.csv,fc_type_0_ratio,0.027732486742867577
drop_phy_radio,rf_per_bssid,RogueAP_31.csv,seq_present_ratio,0.01761747819134682
drop_phy_radio,rf_per_bssid,RogueAP_31.csv,fc_type_1_ratio,0.013826233605778983
drop_phy_radio,rf_per_bssid,RogueAP_31.csv,wlan_duration_min,0.010522919683376273
drop_phy_radio,rf_per_bssid,RogueAP_31.csv,seq_negative_delta_ratio,0.009218001808416098
drop_phy_radio,rf_per_bssid,RogueAP_31.csv,beacon_iat_mean,0.008643335478438255
drop_phy_radio,xgb_per_bssid,RogueAP_32.csv,fixed_beacon_ratio,0.44398361444473267
drop_phy_radio,xgb_per_bssid,RogueAP_32.csv,fixed_beacon_present_ratio,0.19271817803382874
drop_phy_radio,xgb_per_bssid,RogueAP_32.csv,seq_present_ratio,0.03550390154123306
drop_phy_radio,xgb_per_bssid,RogueAP_32.csv,fc_type_1_ratio,0.023765195161104202
drop_phy_radio,xgb_per_bssid,RogueAP_32.csv,ssid_present_ratio,0.022891968488693237
drop_phy_radio,xgb_per_bssid,RogueAP_32.csv,fc_subtype_0_ratio,0.014691022224724293
drop_phy_radio,xgb_per_bssid,RogueAP_32.csv,fc_type_0_ratio,0.011241915635764599
drop_phy_radio,xgb_per_bssid,RogueAP_32.csv,fc_subtype_13_ratio,0.010080057196319103
drop_phy_radio,xgb_per_bssid,RogueAP_32.csv,fc_type_2_ratio,0.009773924946784973
drop_phy_radio,xgb_per_bssid,RogueAP_32.csv,retry_ratio,0.008829379454255104
drop_phy_radio,xgb_per_bssid,RogueAP_32.csv,udp_length_present_ratio,0.008573650382459164
drop_phy_radio,xgb_per_bssid,RogueAP_32.csv,fc_type_nunique,0.008292313665151596
drop_phy_radio,xgb_per_bssid,RogueAP_32.csv,beacon_iat_mean,0.00828621443361044
drop_phy_radio,xgb_per_bssid,RogueAP_32.csv,frame_len_std,0.00796743854880333
drop_phy_radio,xgb_per_bssid,RogueAP_32.csv,fc_subtype_nunique,0.007124513387680054
drop_phy_radio,rf_per_bssid,RogueAP_32.csv,fixed_beacon_present_ratio,0.13970957190007413
drop_phy_radio,rf_per_bssid,RogueAP_32.csv,fixed_beacon_ratio,0.12124267119703744
drop_phy_radio,rf_per_bssid,RogueAP_32.csv,cap_ess_ratio,0.10147324768820139
drop_phy_radio,rf_per_bssid,RogueAP_32.csv,cap_ess_present_ratio,0.0917755694932388
drop_phy_radio,rf_per_bssid,RogueAP_32.csv,ssid_nunique,0.08317210121853601
drop_phy_radio,rf_per_bssid,RogueAP_32.csv,cap_ibss_present_ratio,0.06987380085336081
drop_phy_radio,rf_per_bssid,RogueAP_32.csv,ssid_present_ratio,0.05912839208808844
drop_phy_radio,rf_per_bssid,RogueAP_32.csv,fc_type_nunique,0.05791922181440724
drop_phy_radio,rf_per_bssid,RogueAP_32.csv,tag_length_present_ratio,0.04740429632831067
drop_phy_radio,rf_per_bssid,RogueAP_32.csv,fc_type_0_ratio,0.026057096906005606
drop_phy_radio,rf_per_bssid,RogueAP_32.csv,seq_present_ratio,0.015208405160424779
drop_phy_radio,rf_per_bssid,RogueAP_32.csv,fc_type_1_ratio,0.014887924771193935
drop_phy_radio,rf_per_bssid,RogueAP_32.csv,wlan_duration_min,0.01198329306630372
drop_phy_radio,rf_per_bssid,RogueAP_32.csv,seq_negative_delta_ratio,0.009440875623017226
drop_phy_radio,rf_per_bssid,RogueAP_32.csv,beacon_iat_mean,0.008808608688128659
drop_phy_radio,xgb_per_bssid,RogueAP_33.csv,fixed_beacon_ratio,0.478071391582489
drop_phy_radio,xgb_per_bssid,RogueAP_33.csv,fixed_beacon_present_ratio,0.18711695075035095
drop_phy_radio,xgb_per_bssid,RogueAP_33.csv,seq_present_ratio,0.03807681426405907
drop_phy_radio,xgb_per_bssid,RogueAP_33.csv,fc_type_1_ratio,0.021815132349729538
drop_phy_radio,xgb_per_bssid,RogueAP_33.csv,ssid_present_ratio,0.014026780612766743
drop_phy_radio,xgb_per_bssid,RogueAP_33.csv,retry_ratio,0.011333105154335499
drop_phy_radio,xgb_per_bssid,RogueAP_33.csv,fc_subtype_13_ratio,0.010623509995639324
drop_phy_radio,xgb_per_bssid,RogueAP_33.csv,fc_type_0_ratio,0.010177196003496647
drop_phy_radio,xgb_per_bssid,RogueAP_33.csv,fc_type_nunique,0.00969775952398777
drop_phy_radio,xgb_per_bssid,RogueAP_33.csv,fc_subtype_0_ratio,0.009452717378735542
drop_phy_radio,xgb_per_bssid,RogueAP_33.csv,fc_type_2_ratio,0.009160812012851238
drop_phy_radio,xgb_per_bssid,RogueAP_33.csv,beacon_iat_mean,0.007893807254731655
drop_phy_radio,xgb_per_bssid,RogueAP_33.csv,fc_ds_00000000_ratio,0.007031694054603577
drop_phy_radio,xgb_per_bssid,RogueAP_33.csv,frame_len_std,0.006590984296053648
drop_phy_radio,xgb_per_bssid,RogueAP_33.csv,llc_ratio,0.006410958245396614
drop_phy_radio,rf_per_bssid,RogueAP_33.csv,fixed_beacon_present_ratio,0.13360120144080123
drop_phy_radio,rf_per_bssid,RogueAP_33.csv,fixed_beacon_ratio,0.10489363935631235
drop_phy_radio,rf_per_bssid,RogueAP_33.csv,cap_ess_ratio,0.10304060320684778
drop_phy_radio,rf_per_bssid,RogueAP_33.csv,cap_ess_present_ratio,0.08793072798941409
drop_phy_radio,rf_per_bssid,RogueAP_33.csv,cap_ibss_present_ratio,0.08620686153323465
drop_phy_radio,rf_per_bssid,RogueAP_33.csv,ssid_nunique,0.08237337873501291
drop_phy_radio,rf_per_bssid,RogueAP_33.csv,ssid_present_ratio,0.06340681985243136
drop_phy_radio,rf_per_bssid,RogueAP_33.csv,tag_length_present_ratio,0.05827808925726369
drop_phy_radio,rf_per_bssid,RogueAP_33.csv,fc_type_nunique,0.051345646326464815
drop_phy_radio,rf_per_bssid,RogueAP_33.csv,fc_type_0_ratio,0.026706935568691647
drop_phy_radio,rf_per_bssid,RogueAP_33.csv,seq_present_ratio,0.015777462676685422
drop_phy_radio,rf_per_bssid,RogueAP_33.csv,fc_type_1_ratio,0.015180948240598086
drop_phy_radio,rf_per_bssid,RogueAP_33.csv,wlan_duration_min,0.010256524364818916
drop_phy_radio,rf_per_bssid,RogueAP_33.csv,seq_negative_delta_ratio,0.008720552237938004
drop_phy_radio,rf_per_bssid,RogueAP_33.csv,fc_subtype_11_ratio,0.00847041724347805
drop_phy_radio,xgb_per_bssid,RogueAP_34.csv,fixed_beacon_ratio,0.4621056318283081
drop_phy_radio,xgb_per_bssid,RogueAP_34.csv,fixed_beacon_present_ratio,0.1949303299188614
drop_phy_radio,xgb_per_bssid,RogueAP_34.csv,seq_present_ratio,0.0341511070728302
drop_phy_radio,xgb_per_bssid,RogueAP_34.csv,fc_type_1_ratio,0.023661956191062927
drop_phy_radio,xgb_per_bssid,RogueAP_34.csv,ssid_present_ratio,0.016362423077225685
drop_phy_radio,xgb_per_bssid,RogueAP_34.csv,fc_subtype_0_ratio,0.010745278559625149
drop_phy_radio,xgb_per_bssid,RogueAP_34.csv,fc_subtype_13_ratio,0.010034059174358845
drop_phy_radio,xgb_per_bssid,RogueAP_34.csv,retry_ratio,0.009964861907064915
drop_phy_radio,xgb_per_bssid,RogueAP_34.csv,fc_type_0_ratio,0.0099469730630517
drop_phy_radio,xgb_per_bssid,RogueAP_34.csv,fc_type_nunique,0.008745938539505005
drop_phy_radio,xgb_per_bssid,RogueAP_34.csv,fc_ds_00000000_ratio,0.00816978607326746
drop_phy_radio,xgb_per_bssid,RogueAP_34.csv,wlan_duration_p50,0.008167840540409088
drop_phy_radio,xgb_per_bssid,RogueAP_34.csv,fc_subtype_8_ratio,0.007899335585534573
drop_phy_radio,xgb_per_bssid,RogueAP_34.csv,fc_type_2_ratio,0.007736976724117994
drop_phy_radio,xgb_per_bssid,RogueAP_34.csv,fc_subtype_nunique,0.007537602912634611
drop_phy_radio,rf_per_bssid,RogueAP_34.csv,fixed_beacon_present_ratio,0.1320334059754635
drop_phy_radio,rf_per_bssid,RogueAP_34.csv,cap_ess_ratio,0.11917876315816668
drop_phy_radio,rf_per_bssid,RogueAP_34.csv,fixed_beacon_ratio,0.11094774844826663
drop_phy_radio,rf_per_bssid,RogueAP_34.csv,ssid_nunique,0.08820797747264614
drop_phy_radio,rf_per_bssid,RogueAP_34.csv,cap_ess_present_ratio,0.07809939521605933
drop_phy_radio,rf_per_bssid,RogueAP_34.csv,cap_ibss_present_ratio,0.07502104650625555
drop_phy_radio,rf_per_bssid,RogueAP_34.csv,ssid_present_ratio,0.061057244427696805
drop_phy_radio,rf_per_bssid,RogueAP_34.csv,tag_length_present_ratio,0.05151286621183893
drop_phy_radio,rf_per_bssid,RogueAP_34.csv,fc_type_nunique,0.051299006733879146
drop_phy_radio,rf_per_bssid,RogueAP_34.csv,fc_type_0_ratio,0.02878810323001986
drop_phy_radio,rf_per_bssid,RogueAP_34.csv,seq_present_ratio,0.016648755466684064
drop_phy_radio,rf_per_bssid,RogueAP_34.csv,fc_type_1_ratio,0.013853089300851712
drop_phy_radio,rf_per_bssid,RogueAP_34.csv,wlan_duration_min,0.01226397939208329
drop_phy_radio,rf_per_bssid,RogueAP_34.csv,seq_negative_delta_ratio,0.009721575030993804
drop_phy_radio,rf_per_bssid,RogueAP_34.csv,beacon_iat_mean,0.0095626925210473
drop_phy_radio,xgb_per_bssid,RogueAP_35.csv,fixed_beacon_ratio,0.45631590485572815
drop_phy_radio,xgb_per_bssid,RogueAP_35.csv,fixed_beacon_present_ratio,0.1930464655160904
drop_phy_radio,xgb_per_bssid,RogueAP_35.csv,seq_present_ratio,0.03344772756099701
drop_phy_radio,xgb_per_bssid,RogueAP_35.csv,fc_type_1_ratio,0.01941302977502346
drop_phy_radio,xgb_per_bssid,RogueAP_35.csv,ssid_present_ratio,0.01709664799273014
drop_phy_radio,xgb_per_bssid,RogueAP_35.csv,fc_subtype_13_ratio,0.0105191171169281
drop_phy_radio,xgb_per_bssid,RogueAP_35.csv,retry_ratio,0.010025030933320522
drop_phy_radio,xgb_per_bssid,RogueAP_35.csv,fc_subtype_0_ratio,0.009977496229112148
drop_phy_radio,xgb_per_bssid,RogueAP_35.csv,fc_type_0_ratio,0.009830215014517307
drop_phy_radio,xgb_per_bssid,RogueAP_35.csv,fc_ds_00000000_ratio,0.009226502850651741
drop_phy_radio,xgb_per_bssid,RogueAP_35.csv,fc_type_nunique,0.009105829522013664
drop_phy_radio,xgb_per_bssid,RogueAP_35.csv,frame_len_std,0.009015283547341824
drop_phy_radio,xgb_per_bssid,RogueAP_35.csv,frame_len_range,0.007974786683917046
drop_phy_radio,xgb_per_bssid,RogueAP_35.csv,udp_length_present_ratio,0.007974041625857353
drop_phy_radio,xgb_per_bssid,RogueAP_35.csv,iat_p95,0.007421644404530525
drop_phy_radio,rf_per_bssid,RogueAP_35.csv,cap_ess_ratio,0.12951328879941149
drop_phy_radio,rf_per_bssid,RogueAP_35.csv,fixed_beacon_ratio,0.12536037494613836
drop_phy_radio,rf_per_bssid,RogueAP_35.csv,fixed_beacon_present_ratio,0.1222419994757761
drop_phy_radio,rf_per_bssid,RogueAP_35.csv,cap_ess_present_ratio,0.0895974063128575
drop_phy_radio,rf_per_bssid,RogueAP_35.csv,cap_ibss_present_ratio,0.07869725488421932
drop_phy_radio,rf_per_bssid,RogueAP_35.csv,ssid_nunique,0.07725203107408139
drop_phy_radio,rf_per_bssid,RogueAP_35.csv,fc_type_nunique,0.05439096555107555
drop_phy_radio,rf_per_bssid,RogueAP_35.csv,tag_length_present_ratio,0.05104597234057415
drop_phy_radio,rf_per_bssid,RogueAP_35.csv,ssid_present_ratio,0.04741279327147464
drop_phy_radio,rf_per_bssid,RogueAP_35.csv,fc_type_0_ratio,0.02658430311206689
drop_phy_radio,rf_per_bssid,RogueAP_35.csv,seq_present_ratio,0.015581754151836713
drop_phy_radio,rf_per_bssid,RogueAP_35.csv,fc_type_1_ratio,0.01375100069562694
drop_phy_radio,rf_per_bssid,RogueAP_35.csv,wlan_duration_min,0.012605670336691278
drop_phy_radio,rf_per_bssid,RogueAP_35.csv,seq_negative_delta_ratio,0.009866859035057638
drop_phy_radio,rf_per_bssid,RogueAP_35.csv,beacon_iat_mean,0.008282903390135784
drop_phy_radio,xgb_per_bssid,RogueAP_36.csv,fixed_beacon_ratio,0.4279276132583618
drop_phy_radio,xgb_per_bssid,RogueAP_36.csv,fixed_beacon_present_ratio,0.2065598964691162
drop_phy_radio,xgb_per_bssid,RogueAP_36.csv,seq_present_ratio,0.041503097862005234
drop_phy_radio,xgb_per_bssid,RogueAP_36.csv,fc_type_1_ratio,0.022887282073497772
drop_phy_radio,xgb_per_bssid,RogueAP_36.csv,ssid_present_ratio,0.01686210371553898
drop_phy_radio,xgb_per_bssid,RogueAP_36.csv,retry_ratio,0.013675329275429249
drop_phy_radio,xgb_per_bssid,RogueAP_36.csv,fc_subtype_0_ratio,0.013422315008938313
drop_phy_radio,xgb_per_bssid,RogueAP_36.csv,fc_type_0_ratio,0.012085659429430962
drop_phy_radio,xgb_per_bssid,RogueAP_36.csv,fc_subtype_13_ratio,0.010686381720006466
drop_phy_radio,xgb_per_bssid,RogueAP_36.csv,fc_ds_00000000_ratio,0.010011283680796623
drop_phy_radio,xgb_per_bssid,RogueAP_36.csv,frame_len_std,0.00820627436041832
drop_phy_radio,xgb_per_bssid,RogueAP_36.csv,fc_type_2_ratio,0.008189835585653782
drop_phy_radio,xgb_per_bssid,RogueAP_36.csv,fc_type_nunique,0.007676054257899523
drop_phy_radio,xgb_per_bssid,RogueAP_36.csv,fc_subtype_8_ratio,0.007497350685298443
drop_phy_radio,xgb_per_bssid,RogueAP_36.csv,tcp_ack_present_ratio,0.007246082182973623
drop_phy_radio,rf_per_bssid,RogueAP_36.csv,fixed_beacon_present_ratio,0.12884963881049274
drop_phy_radio,rf_per_bssid,RogueAP_36.csv,fixed_beacon_ratio,0.12440937561687351
drop_phy_radio,rf_per_bssid,RogueAP_36.csv,cap_ess_ratio,0.10875296440839727
drop_phy_radio,rf_per_bssid,RogueAP_36.csv,cap_ess_present_ratio,0.09252519995764966
drop_phy_radio,rf_per_bssid,RogueAP_36.csv,cap_ibss_present_ratio,0.07706917741758587
drop_phy_radio,rf_per_bssid,RogueAP_36.csv,ssid_nunique,0.0755691781756793
drop_phy_radio,rf_per_bssid,RogueAP_36.csv,fc_type_nunique,0.05558656552440198
drop_phy_radio,rf_per_bssid,RogueAP_36.csv,ssid_present_ratio,0.05519856252512919
drop_phy_radio,rf_per_bssid,RogueAP_36.csv,tag_length_present_ratio,0.052748090591450025
drop_phy_radio,rf_per_bssid,RogueAP_36.csv,fc_type_0_ratio,0.02793009937549043
drop_phy_radio,rf_per_bssid,RogueAP_36.csv,seq_present_ratio,0.01774243589917513
drop_phy_radio,rf_per_bssid,RogueAP_36.csv,fc_type_1_ratio,0.013635625571927995
drop_phy_radio,rf_per_bssid,RogueAP_36.csv,wlan_duration_min,0.011646770291462355
drop_phy_radio,rf_per_bssid,RogueAP_36.csv,seq_negative_delta_ratio,0.010725075710816033
drop_phy_radio,rf_per_bssid,RogueAP_36.csv,beacon_iat_mean,0.008672457173466512
drop_phy_radio,xgb_per_bssid,RogueAP_37.csv,fixed_beacon_ratio,0.4596797823905945
drop_phy_radio,xgb_per_bssid,RogueAP_37.csv,fixed_beacon_present_ratio,0.19117289781570435
drop_phy_radio,xgb_per_bssid,RogueAP_37.csv,seq_present_ratio,0.041829608380794525
drop_phy_radio,xgb_per_bssid,RogueAP_37.csv,fc_type_1_ratio,0.023489899933338165
drop_phy_radio,xgb_per_bssid,RogueAP_37.csv,fc_subtype_0_ratio,0.013167856261134148
drop_phy_radio,xgb_per_bssid,RogueAP_37.csv,retry_ratio,0.010751718655228615
drop_phy_radio,xgb_per_bssid,RogueAP_37.csv,ssid_present_ratio,0.01044261734932661
drop_phy_radio,xgb_per_bssid,RogueAP_37.csv,fc_subtype_13_ratio,0.010402921587228775
drop_phy_radio,xgb_per_bssid,RogueAP_37.csv,fc_type_0_ratio,0.00908287800848484
drop_phy_radio,xgb_per_bssid,RogueAP_37.csv,fc_type_2_ratio,0.00883109774440527
drop_phy_radio,xgb_per_bssid,RogueAP_37.csv,fc_type_nunique,0.00872219167649746
drop_phy_radio,xgb_per_bssid,RogueAP_37.csv,tcp_ack_present_ratio,0.008643371984362602
drop_phy_radio,xgb_per_bssid,RogueAP_37.csv,frame_len_p50,0.008641964755952358
drop_phy_radio,xgb_per_bssid,RogueAP_37.csv,udp_length_present_ratio,0.008616785518825054
drop_phy_radio,xgb_per_bssid,RogueAP_37.csv,fc_subtype_nunique,0.008448360487818718
drop_phy_radio,rf_per_bssid,RogueAP_37.csv,fixed_beacon_ratio,0.12917697164910855
drop_phy_radio,rf_per_bssid,RogueAP_37.csv,fixed_beacon_present_ratio,0.12890768018407556
drop_phy_radio,rf_per_bssid,RogueAP_37.csv,cap_ess_ratio,0.11231076462400581
drop_phy_radio,rf_per_bssid,RogueAP_37.csv,ssid_nunique,0.08642040599566364
drop_phy_radio,rf_per_bssid,RogueAP_37.csv,cap_ess_present_ratio,0.07855560520467048
drop_phy_radio,rf_per_bssid,RogueAP_37.csv,cap_ibss_present_ratio,0.06986281018733047
drop_phy_radio,rf_per_bssid,RogueAP_37.csv,fc_type_nunique,0.06141099202339751
drop_phy_radio,rf_per_bssid,RogueAP_37.csv,tag_length_present_ratio,0.058054714481162194
drop_phy_radio,rf_per_bssid,RogueAP_37.csv,ssid_present_ratio,0.051671035823792066
drop_phy_radio,rf_per_bssid,RogueAP_37.csv,fc_type_0_ratio,0.025191657827528458
drop_phy_radio,rf_per_bssid,RogueAP_37.csv,seq_present_ratio,0.016423791200840487
drop_phy_radio,rf_per_bssid,RogueAP_37.csv,fc_type_1_ratio,0.013779618650783238
drop_phy_radio,rf_per_bssid,RogueAP_37.csv,wlan_duration_min,0.011079934194134847
drop_phy_radio,rf_per_bssid,RogueAP_37.csv,seq_negative_delta_ratio,0.009548250288149252
drop_phy_radio,rf_per_bssid,RogueAP_37.csv,beacon_iat_mean,0.008650546930108178
drop_phy_radio,xgb_per_bssid,RogueAP_38.csv,fixed_beacon_ratio,0.44433191418647766
drop_phy_radio,xgb_per_bssid,RogueAP_38.csv,fixed_beacon_present_ratio,0.20025408267974854
drop_phy_radio,xgb_per_bssid,RogueAP_38.csv,seq_present_ratio,0.04400090500712395
drop_phy_radio,xgb_per_bssid,RogueAP_38.csv,fc_type_1_ratio,0.024254683405160904
drop_phy_radio,xgb_per_bssid,RogueAP_38.csv,fc_subtype_0_ratio,0.012518796138465405
drop_phy_radio,xgb_per_bssid,RogueAP_38.csv,retry_ratio,0.01187178399413824
drop_phy_radio,xgb_per_bssid,RogueAP_38.csv,ssid_present_ratio,0.011821329593658447
drop_phy_radio,xgb_per_bssid,RogueAP_38.csv,fc_subtype_13_ratio,0.01174149289727211
drop_phy_radio,xgb_per_bssid,RogueAP_38.csv,fc_subtype_nunique,0.00962610263377428
drop_phy_radio,xgb_per_bssid,RogueAP_38.csv,fc_type_2_ratio,0.00896889716386795
drop_phy_radio,xgb_per_bssid,RogueAP_38.csv,fc_type_nunique,0.008388850837945938
drop_phy_radio,xgb_per_bssid,RogueAP_38.csv,fc_type_0_ratio,0.008161980658769608
drop_phy_radio,xgb_per_bssid,RogueAP_38.csv,frame_len_std,0.008093578740954399
drop_phy_radio,xgb_per_bssid,RogueAP_38.csv,fc_subtype_12_ratio,0.007399674504995346
drop_phy_radio,xgb_per_bssid,RogueAP_38.csv,fc_subtype_8_ratio,0.00727672828361392
drop_phy_radio,rf_per_bssid,RogueAP_38.csv,fixed_beacon_present_ratio,0.14029078120757432
drop_phy_radio,rf_per_bssid,RogueAP_38.csv,fixed_beacon_ratio,0.11559488788309416
drop_phy_radio,rf_per_bssid,RogueAP_38.csv,cap_ess_ratio,0.11064339929759316
drop_phy_radio,rf_per_bssid,RogueAP_38.csv,cap_ess_present_ratio,0.09603113093244861
drop_phy_radio,rf_per_bssid,RogueAP_38.csv,ssid_nunique,0.07987743488606301
drop_phy_radio,rf_per_bssid,RogueAP_38.csv,cap_ibss_present_ratio,0.07708787355103355
drop_phy_radio,rf_per_bssid,RogueAP_38.csv,ssid_present_ratio,0.055471045007026494
drop_phy_radio,rf_per_bssid,RogueAP_38.csv,fc_type_nunique,0.049684240880257025
drop_phy_radio,rf_per_bssid,RogueAP_38.csv,tag_length_present_ratio,0.04891878103573312
drop_phy_radio,rf_per_bssid,RogueAP_38.csv,fc_type_0_ratio,0.026013662336569453
drop_phy_radio,rf_per_bssid,RogueAP_38.csv,seq_present_ratio,0.014734354170151617
drop_phy_radio,rf_per_bssid,RogueAP_38.csv,fc_type_1_ratio,0.01427412069276933
drop_phy_radio,rf_per_bssid,RogueAP_38.csv,wlan_duration_min,0.012386058524951598
drop_phy_radio,rf_per_bssid,RogueAP_38.csv,seq_negative_delta_ratio,0.010028046397185601
drop_phy_radio,rf_per_bssid,RogueAP_38.csv,fc_subtype_13_ratio,0.007930586980759479
drop_phy_radio,xgb_per_bssid,RogueAP_39.csv,fixed_beacon_ratio,0.44433191418647766
drop_phy_radio,xgb_per_bssid,RogueAP_39.csv,fixed_beacon_present_ratio,0.20025408267974854
drop_phy_radio,xgb_per_bssid,RogueAP_39.csv,seq_present_ratio,0.04400090500712395
drop_phy_radio,xgb_per_bssid,RogueAP_39.csv,fc_type_1_ratio,0.024254683405160904
drop_phy_radio,xgb_per_bssid,RogueAP_39.csv,fc_subtype_0_ratio,0.012518796138465405
drop_phy_radio,xgb_per_bssid,RogueAP_39.csv,retry_ratio,0.01187178399413824
drop_phy_radio,xgb_per_bssid,RogueAP_39.csv,ssid_present_ratio,0.011821329593658447
drop_phy_radio,xgb_per_bssid,RogueAP_39.csv,fc_subtype_13_ratio,0.01174149289727211
drop_phy_radio,xgb_per_bssid,RogueAP_39.csv,fc_subtype_nunique,0.00962610263377428
drop_phy_radio,xgb_per_bssid,RogueAP_39.csv,fc_type_2_ratio,0.00896889716386795
drop_phy_radio,xgb_per_bssid,RogueAP_39.csv,fc_type_nunique,0.008388850837945938
drop_phy_radio,xgb_per_bssid,RogueAP_39.csv,fc_type_0_ratio,0.008161980658769608
drop_phy_radio,xgb_per_bssid,RogueAP_39.csv,frame_len_std,0.008093578740954399
drop_phy_radio,xgb_per_bssid,RogueAP_39.csv,fc_subtype_12_ratio,0.007399674504995346
drop_phy_radio,xgb_per_bssid,RogueAP_39.csv,fc_subtype_8_ratio,0.00727672828361392
drop_phy_radio,rf_per_bssid,RogueAP_39.csv,fixed_beacon_present_ratio,0.14029078120757432
drop_phy_radio,rf_per_bssid,RogueAP_39.csv,fixed_beacon_ratio,0.11559488788309416
drop_phy_radio,rf_per_bssid,RogueAP_39.csv,cap_ess_ratio,0.11064339929759316
drop_phy_radio,rf_per_bssid,RogueAP_39.csv,cap_ess_present_ratio,0.09603113093244861
drop_phy_radio,rf_per_bssid,RogueAP_39.csv,ssid_nunique,0.07987743488606301
drop_phy_radio,rf_per_bssid,RogueAP_39.csv,cap_ibss_present_ratio,0.07708787355103355
drop_phy_radio,rf_per_bssid,RogueAP_39.csv,ssid_present_ratio,0.055471045007026494
drop_phy_radio,rf_per_bssid,RogueAP_39.csv,fc_type_nunique,0.049684240880257025
drop_phy_radio,rf_per_bssid,RogueAP_39.csv,tag_length_present_ratio,0.04891878103573312
drop_phy_radio,rf_per_bssid,RogueAP_39.csv,fc_type_0_ratio,0.026013662336569453
drop_phy_radio,rf_per_bssid,RogueAP_39.csv,seq_present_ratio,0.014734354170151617
drop_phy_radio,rf_per_bssid,RogueAP_39.csv,fc_type_1_ratio,0.01427412069276933
drop_phy_radio,rf_per_bssid,RogueAP_39.csv,wlan_duration_min,0.012386058524951598
drop_phy_radio,rf_per_bssid,RogueAP_39.csv,seq_negative_delta_ratio,0.010028046397185601
drop_phy_radio,rf_per_bssid,RogueAP_39.csv,fc_subtype_13_ratio,0.007930586980759479
drop_timing_seq,xgb_per_bssid,RogueAP_23.csv,fixed_beacon_ratio,0.3697689175605774
drop_timing_seq,xgb_per_bssid,RogueAP_23.csv,fixed_beacon_present_ratio,0.23247206211090088
drop_timing_seq,xgb_per_bssid,RogueAP_23.csv,radiotap_signal_dbm_std,0.04708496481180191
drop_timing_seq,xgb_per_bssid,RogueAP_23.csv,radiotap_signal_dbm_max,0.04013296216726303
drop_timing_seq,xgb_per_bssid,RogueAP_23.csv,fc_subtype_0_ratio,0.013570856302976608
drop_timing_seq,xgb_per_bssid,RogueAP_23.csv,moredata_ratio,0.012596418149769306
drop_timing_seq,xgb_per_bssid,RogueAP_23.csv,radiotap_signal_dbm_p25,0.011224375106394291
drop_timing_seq,xgb_per_bssid,RogueAP_23.csv,fc_subtype_11_ratio,0.010167500004172325
drop_timing_seq,xgb_per_bssid,RogueAP_23.csv,radio_data_rate_p50,0.010005712509155273
drop_timing_seq,xgb_per_bssid,RogueAP_23.csv,cap_ess_present_ratio,0.00991007685661316
drop_timing_seq,xgb_per_bssid,RogueAP_23.csv,ssid_present_ratio,0.009574958123266697
drop_timing_seq,xgb_per_bssid,RogueAP_23.csv,fc_type_1_ratio,0.008550870232284069
drop_timing_seq,xgb_per_bssid,RogueAP_23.csv,frame_len_std,0.008023110218346119
drop_timing_seq,xgb_per_bssid,RogueAP_23.csv,fc_type_2_ratio,0.007578414864838123
drop_timing_seq,xgb_per_bssid,RogueAP_23.csv,radio_data_rate_max,0.0074903531931340694
drop_timing_seq,rf_per_bssid,RogueAP_23.csv,fixed_beacon_present_ratio,0.10075708518901559
drop_timing_seq,rf_per_bssid,RogueAP_23.csv,cap_ess_ratio,0.09383149376000328
drop_timing_seq,rf_per_bssid,RogueAP_23.csv,fixed_beacon_ratio,0.09227188924062751
drop_timing_seq,rf_per_bssid,RogueAP_23.csv,cap_ess_present_ratio,0.08553533849145069
drop_timing_seq,rf_per_bssid,RogueAP_23.csv,ssid_nunique,0.08105296254791722
drop_timing_seq,rf_per_bssid,RogueAP_23.csv,cap_ibss_present_ratio,0.07356723019671288
drop_timing_seq,rf_per_bssid,RogueAP_23.csv,tag_length_present_ratio,0.06569569835814797
drop_timing_seq,rf_per_bssid,RogueAP_23.csv,ssid_present_ratio,0.05823175770289075
drop_timing_seq,rf_per_bssid,RogueAP_23.csv,fc_type_0_ratio,0.03439889121097757
drop_timing_seq,rf_per_bssid,RogueAP_23.csv,radiotap_datarate_mean,0.03300216637848185
drop_timing_seq,rf_per_bssid,RogueAP_23.csv,radio_data_rate_min,0.030152509963116646
drop_timing_seq,rf_per_bssid,RogueAP_23.csv,radiotap_datarate_min,0.021193775579217613
drop_timing_seq,rf_per_bssid,RogueAP_23.csv,fc_type_nunique,0.020536121444081637
drop_timing_seq,rf_per_bssid,RogueAP_23.csv,radiotap_signal_dbm_range,0.020311673252004697
drop_timing_seq,rf_per_bssid,RogueAP_23.csv,radiotap_signal_dbm_std,0.018190657479512925
drop_timing_seq,xgb_per_bssid,RogueAP_24.csv,fixed_beacon_ratio,0.3369419276714325
drop_timing_seq,xgb_per_bssid,RogueAP_24.csv,fixed_beacon_present_ratio,0.24342221021652222
drop_timing_seq,xgb_per_bssid,RogueAP_24.csv,radiotap_signal_dbm_std,0.05537056550383568
drop_timing_seq,xgb_per_bssid,RogueAP_24.csv,radiotap_signal_dbm_max,0.035489264875650406
drop_timing_seq,xgb_per_bssid,RogueAP_24.csv,radiotap_signal_dbm_mean,0.030366934835910797
drop_timing_seq,xgb_per_bssid,RogueAP_24.csv,fc_subtype_0_ratio,0.014334652572870255
drop_timing_seq,xgb_per_bssid,RogueAP_24.csv,fc_type_1_ratio,0.013120794668793678
drop_timing_seq,xgb_per_bssid,RogueAP_24.csv,fc_subtype_11_ratio,0.012066168710589409
drop_timing_seq,xgb_per_bssid,RogueAP_24.csv,radiotap_signal_dbm_p25,0.010118854232132435
drop_timing_seq,xgb_per_bssid,RogueAP_24.csv,cap_ess_present_ratio,0.008547361940145493
drop_timing_seq,xgb_per_bssid,RogueAP_24.csv,fc_subtype_8_ratio,0.00816995557397604
drop_timing_seq,xgb_per_bssid,RogueAP_24.csv,udp_length_present_ratio,0.008069711737334728
drop_timing_seq,xgb_per_bssid,RogueAP_24.csv,wlan_duration_range,0.007794064935296774
drop_timing_seq,xgb_per_bssid,RogueAP_24.csv,fc_type_nunique,0.007725618779659271
drop_timing_seq,xgb_per_bssid,RogueAP_24.csv,moredata_ratio,0.007559576537460089
drop_timing_seq,rf_per_bssid,RogueAP_24.csv,fixed_beacon_present_ratio,0.09718566828585141
drop_timing_seq,rf_per_bssid,RogueAP_24.csv,cap_ess_ratio,0.09324793454227501
drop_timing_seq,rf_per_bssid,RogueAP_24.csv,fixed_beacon_ratio,0.08449151553230537
drop_timing_seq,rf_per_bssid,RogueAP_24.csv,cap_ess_present_ratio,0.08277042565703888
drop_timing_seq,rf_per_bssid,RogueAP_24.csv,ssid_nunique,0.08146834339087566
drop_timing_seq,rf_per_bssid,RogueAP_24.csv,tag_length_present_ratio,0.07086327286672521
drop_timing_seq,rf_per_bssid,RogueAP_24.csv,cap_ibss_present_ratio,0.07074865801729305
drop_timing_seq,rf_per_bssid,RogueAP_24.csv,ssid_present_ratio,0.060668208212447554
drop_timing_seq,rf_per_bssid,RogueAP_24.csv,fc_type_0_ratio,0.03540189263659807
drop_timing_seq,rf_per_bssid,RogueAP_24.csv,radio_data_rate_min,0.0323508071865951
drop_timing_seq,rf_per_bssid,RogueAP_24.csv,radiotap_datarate_mean,0.029269092638856756
drop_timing_seq,rf_per_bssid,RogueAP_24.csv,fc_type_nunique,0.025253237640642263
drop_timing_seq,rf_per_bssid,RogueAP_24.csv,radiotap_datarate_min,0.02222071586316196
drop_timing_seq,rf_per_bssid,RogueAP_24.csv,radiotap_signal_dbm_std,0.01869969761089958
drop_timing_seq,rf_per_bssid,RogueAP_24.csv,radiotap_signal_dbm_range,0.017199880030827546
drop_timing_seq,xgb_per_bssid,RogueAP_25.csv,fixed_beacon_ratio,0.35196834802627563
drop_timing_seq,xgb_per_bssid,RogueAP_25.csv,fixed_beacon_present_ratio,0.22948363423347473
drop_timing_seq,xgb_per_bssid,RogueAP_25.csv,radiotap_signal_dbm_std,0.0494619682431221
drop_timing_seq,xgb_per_bssid,RogueAP_25.csv,radiotap_signal_dbm_max,0.035183291882276535
drop_timing_seq,xgb_per_bssid,RogueAP_25.csv,radiotap_signal_dbm_range,0.016619103029370308
drop_timing_seq,xgb_per_bssid,RogueAP_25.csv,fc_subtype_0_ratio,0.014489095658063889
drop_timing_seq,xgb_per_bssid,RogueAP_25.csv,fc_subtype_11_ratio,0.012486666440963745
drop_timing_seq,xgb_per_bssid,RogueAP_25.csv,fc_type_nunique,0.011135319247841835
drop_timing_seq,xgb_per_bssid,RogueAP_25.csv,fc_type_1_ratio,0.011133013293147087
drop_timing_seq,xgb_per_bssid,RogueAP_25.csv,ssid_present_ratio,0.009826675988733768
drop_timing_seq,xgb_per_bssid,RogueAP_25.csv,frame_len_std,0.008238721638917923
drop_timing_seq,xgb_per_bssid,RogueAP_25.csv,radiotap_signal_dbm_mean,0.007998162880539894
drop_timing_seq,xgb_per_bssid,RogueAP_25.csv,fc_type_0_ratio,0.007922014221549034
drop_timing_seq,xgb_per_bssid,RogueAP_25.csv,frame_len_range,0.007832479663193226
drop_timing_seq,xgb_per_bssid,RogueAP_25.csv,radiotap_signal_dbm_p25,0.007822628132998943
drop_timing_seq,rf_per_bssid,RogueAP_25.csv,ssid_nunique,0.09044129436255575
drop_timing_seq,rf_per_bssid,RogueAP_25.csv,fixed_beacon_ratio,0.08824452821546216
drop_timing_seq,rf_per_bssid,RogueAP_25.csv,cap_ess_ratio,0.08784633361843466
drop_timing_seq,rf_per_bssid,RogueAP_25.csv,cap_ess_present_ratio,0.08769043225833417
drop_timing_seq,rf_per_bssid,RogueAP_25.csv,fixed_beacon_present_ratio,0.08553500702672805
drop_timing_seq,rf_per_bssid,RogueAP_25.csv,cap_ibss_present_ratio,0.0803208538355194
drop_timing_seq,rf_per_bssid,RogueAP_25.csv,tag_length_present_ratio,0.07448445721042503
drop_timing_seq,rf_per_bssid,RogueAP_25.csv,ssid_present_ratio,0.05190899723875529
drop_timing_seq,rf_per_bssid,RogueAP_25.csv,radio_data_rate_min,0.033259992068797976
drop_timing_seq,rf_per_bssid,RogueAP_25.csv,fc_type_0_ratio,0.03147538862477964
drop_timing_seq,rf_per_bssid,RogueAP_25.csv,radiotap_datarate_mean,0.02896872494403582
drop_timing_seq,rf_per_bssid,RogueAP_25.csv,fc_type_nunique,0.02354658286629
drop_timing_seq,rf_per_bssid,RogueAP_25.csv,radiotap_datarate_min,0.020188982140852116
drop_timing_seq,rf_per_bssid,RogueAP_25.csv,radiotap_signal_dbm_std,0.018912987214690126
drop_timing_seq,rf_per_bssid,RogueAP_25.csv,radiotap_signal_dbm_range,0.01824430538952283
drop_timing_seq,xgb_per_bssid,RogueAP_26.csv,fixed_beacon_ratio,0.3709706962108612
drop_timing_seq,xgb_per_bssid,RogueAP_26.csv,fixed_beacon_present_ratio,0.21743571758270264
drop_timing_seq,xgb_per_bssid,RogueAP_26.csv,radiotap_signal_dbm_std,0.04310919716954231
drop_timing_seq,xgb_per_bssid,RogueAP_26.csv,radiotap_signal_dbm_max,0.03562866896390915
drop_timing_seq,xgb_per_bssid,RogueAP_26.csv,fc_subtype_0_ratio,0.015328758396208286
drop_timing_seq,xgb_per_bssid,RogueAP_26.csv,moredata_ratio,0.013204984366893768
drop_timing_seq,xgb_per_bssid,RogueAP_26.csv,fc_subtype_11_ratio,0.010889451950788498
drop_timing_seq,xgb_per_bssid,RogueAP_26.csv,radiotap_signal_dbm_range,0.010423829779028893
drop_timing_seq,xgb_per_bssid,RogueAP_26.csv,ssid_present_ratio,0.00981022510677576
drop_timing_seq,xgb_per_bssid,RogueAP_26.csv,radiotap_signal_dbm_p25,0.009509477764368057
drop_timing_seq,xgb_per_bssid,RogueAP_26.csv,cap_ess_present_ratio,0.009356269612908363
drop_timing_seq,xgb_per_bssid,RogueAP_26.csv,fc_type_1_ratio,0.009326056577265263
drop_timing_seq,xgb_per_bssid,RogueAP_26.csv,frame_len_std,0.009105793200433254
drop_timing_seq,xgb_per_bssid,RogueAP_26.csv,fc_subtype_8_ratio,0.00808977335691452
drop_timing_seq,xgb_per_bssid,RogueAP_26.csv,radio_data_rate_max,0.007911811582744122
drop_timing_seq,rf_per_bssid,RogueAP_26.csv,fixed_beacon_ratio,0.10168582717906882
drop_timing_seq,rf_per_bssid,RogueAP_26.csv,cap_ess_ratio,0.09586896670505578
drop_timing_seq,rf_per_bssid,RogueAP_26.csv,fixed_beacon_present_ratio,0.09533754173921913
drop_timing_seq,rf_per_bssid,RogueAP_26.csv,ssid_nunique,0.0864071001237694
drop_timing_seq,rf_per_bssid,RogueAP_26.csv,cap_ess_present_ratio,0.07544143476235923
drop_timing_seq,rf_per_bssid,RogueAP_26.csv,cap_ibss_present_ratio,0.07029110981244523
drop_timing_seq,rf_per_bssid,RogueAP_26.csv,tag_length_present_ratio,0.07023989337270171
drop_timing_seq,rf_per_bssid,RogueAP_26.csv,ssid_present_ratio,0.05111741204327427
drop_timing_seq,rf_per_bssid,RogueAP_26.csv,fc_type_0_ratio,0.032854224765311406
drop_timing_seq,rf_per_bssid,RogueAP_26.csv,radio_data_rate_min,0.03165197863645805
drop_timing_seq,rf_per_bssid,RogueAP_26.csv,radiotap_datarate_mean,0.030331949684387752
drop_timing_seq,rf_per_bssid,RogueAP_26.csv,fc_type_nunique,0.024751248740956758
drop_timing_seq,rf_per_bssid,RogueAP_26.csv,radiotap_signal_dbm_std,0.019923077204483566
drop_timing_seq,rf_per_bssid,RogueAP_26.csv,radiotap_datarate_min,0.0187367125635846
drop_timing_seq,rf_per_bssid,RogueAP_26.csv,radiotap_signal_dbm_range,0.016133880992939026
drop_timing_seq,xgb_per_bssid,RogueAP_27.csv,fixed_beacon_ratio,0.36341574788093567
drop_timing_seq,xgb_per_bssid,RogueAP_27.csv,fixed_beacon_present_ratio,0.21798664331436157
drop_timing_seq,xgb_per_bssid,RogueAP_27.csv,radiotap_signal_dbm_range,0.037538375705480576
drop_timing_seq,xgb_per_bssid,RogueAP_27.csv,radiotap_signal_dbm_max,0.034906867891550064
drop_timing_seq,xgb_per_bssid,RogueAP_27.csv,radiotap_signal_dbm_std,0.0292211826890707
drop_timing_seq,xgb_per_bssid,RogueAP_27.csv,fc_subtype_0_ratio,0.01636718027293682
drop_timing_seq,xgb_per_bssid,RogueAP_27.csv,fc_type_1_ratio,0.010338549502193928
drop_timing_seq,xgb_per_bssid,RogueAP_27.csv,fc_subtype_11_ratio,0.010161268524825573
drop_timing_seq,xgb_per_bssid,RogueAP_27.csv,cap_ess_present_ratio,0.009193513542413712
drop_timing_seq,xgb_per_bssid,RogueAP_27.csv,wlan_duration_p25,0.008749988861382008
drop_timing_seq,xgb_per_bssid,RogueAP_27.csv,radiotap_signal_dbm_p25,0.008378218859434128
drop_timing_seq,xgb_per_bssid,RogueAP_27.csv,fc_type_nunique,0.008377949707210064
drop_timing_seq,xgb_per_bssid,RogueAP_27.csv,frame_len_std,0.008290310390293598
drop_timing_seq,xgb_per_bssid,RogueAP_27.csv,radiotap_datarate_max,0.008256163448095322
drop_timing_seq,xgb_per_bssid,RogueAP_27.csv,radio_data_rate_mean,0.0074997590854763985
drop_timing_seq,rf_per_bssid,RogueAP_27.csv,fixed_beacon_present_ratio,0.09789343289680887
drop_timing_seq,rf_per_bssid,RogueAP_27.csv,cap_ess_ratio,0.09764507210454129
drop_timing_seq,rf_per_bssid,RogueAP_27.csv,fixed_beacon_ratio,0.09252092364469611
drop_timing_seq,rf_per_bssid,RogueAP_27.csv,ssid_nunique,0.09050364165115346
drop_timing_seq,rf_per_bssid,RogueAP_27.csv,cap_ess_present_ratio,0.08919545623462384
drop_timing_seq,rf_per_bssid,RogueAP_27.csv,tag_length_present_ratio,0.06862574024423472
drop_timing_seq,rf_per_bssid,RogueAP_27.csv,cap_ibss_present_ratio,0.0685033833364155
drop_timing_seq,rf_per_bssid,RogueAP_27.csv,ssid_present_ratio,0.05012782384741463
drop_timing_seq,rf_per_bssid,RogueAP_27.csv,fc_type_0_ratio,0.034733749587960654
drop_timing_seq,rf_per_bssid,RogueAP_27.csv,radiotap_datarate_mean,0.03319362082981942
drop_timing_seq,rf_per_bssid,RogueAP_27.csv,radio_data_rate_min,0.028938896252551836
drop_timing_seq,rf_per_bssid,RogueAP_27.csv,fc_type_nunique,0.019844737389490996
drop_timing_seq,rf_per_bssid,RogueAP_27.csv,radiotap_datarate_min,0.018336578066990628
drop_timing_seq,rf_per_bssid,RogueAP_27.csv,radiotap_signal_dbm_range,0.017666531828415537
drop_timing_seq,rf_per_bssid,RogueAP_27.csv,radiotap_signal_dbm_std,0.015832141968988984
drop_timing_seq,xgb_per_bssid,RogueAP_28.csv,fixed_beacon_ratio,0.32709330320358276
drop_timing_seq,xgb_per_bssid,RogueAP_28.csv,fixed_beacon_present_ratio,0.2419670969247818
drop_timing_seq,xgb_per_bssid,RogueAP_28.csv,radiotap_signal_dbm_std,0.03657995164394379
drop_timing_seq,xgb_per_bssid,RogueAP_28.csv,radiotap_signal_dbm_max,0.03480109944939613
drop_timing_seq,xgb_per_bssid,RogueAP_28.csv,radiotap_signal_dbm_range,0.021691707894206047
drop_timing_seq,xgb_per_bssid,RogueAP_28.csv,fc_subtype_0_ratio,0.018113577738404274
drop_timing_seq,xgb_per_bssid,RogueAP_28.csv,fc_type_1_ratio,0.013218124397099018
drop_timing_seq,xgb_per_bssid,RogueAP_28.csv,ssid_present_ratio,0.012950177304446697
drop_timing_seq,xgb_per_bssid,RogueAP_28.csv,radiotap_signal_dbm_p25,0.010476904921233654
drop_timing_seq,xgb_per_bssid,RogueAP_28.csv,moredata_ratio,0.009783385321497917
drop_timing_seq,xgb_per_bssid,RogueAP_28.csv,fc_subtype_11_ratio,0.009774605743587017
drop_timing_seq,xgb_per_bssid,RogueAP_28.csv,fc_ds_00000000_ratio,0.009689390659332275
drop_timing_seq,xgb_per_bssid,RogueAP_28.csv,radiotap_signal_dbm_mean,0.009451869875192642
drop_timing_seq,xgb_per_bssid,RogueAP_28.csv,wlan_duration_p50,0.008966948837041855
drop_timing_seq,xgb_per_bssid,RogueAP_28.csv,fc_subtype_8_ratio,0.008932247757911682
drop_timing_seq,rf_per_bssid,RogueAP_28.csv,fixed_beacon_present_ratio,0.09744758152598806
drop_timing_seq,rf_per_bssid,RogueAP_28.csv,cap_ess_ratio,0.09149063244562573
drop_timing_seq,rf_per_bssid,RogueAP_28.csv,ssid_nunique,0.08472771877420311
drop_timing_seq,rf_per_bssid,RogueAP_28.csv,cap_ibss_present_ratio,0.08251515728824695
drop_timing_seq,rf_per_bssid,RogueAP_28.csv,cap_ess_present_ratio,0.08174432179734355
drop_timing_seq,rf_per_bssid,RogueAP_28.csv,fixed_beacon_ratio,0.07988933063558416
drop_timing_seq,rf_per_bssid,RogueAP_28.csv,tag_length_present_ratio,0.06733429637643461
drop_timing_seq,rf_per_bssid,RogueAP_28.csv,ssid_present_ratio,0.056798206006107486
drop_timing_seq,rf_per_bssid,RogueAP_28.csv,fc_type_0_ratio,0.0349520713702474
drop_timing_seq,rf_per_bssid,RogueAP_28.csv,radio_data_rate_min,0.032598817701498285
drop_timing_seq,rf_per_bssid,RogueAP_28.csv,radiotap_datarate_mean,0.030238659575251375
drop_timing_seq,rf_per_bssid,RogueAP_28.csv,fc_type_nunique,0.028392660800175384
drop_timing_seq,rf_per_bssid,RogueAP_28.csv,radiotap_datarate_min,0.018911813338271855
drop_timing_seq,rf_per_bssid,RogueAP_28.csv,radiotap_signal_dbm_range,0.018609651248442886
drop_timing_seq,rf_per_bssid,RogueAP_28.csv,radiotap_signal_dbm_std,0.016052414793621284
drop_timing_seq,xgb_per_bssid,RogueAP_29.csv,fixed_beacon_ratio,0.3854956030845642
drop_timing_seq,xgb_per_bssid,RogueAP_29.csv,fixed_beacon_present_ratio,0.21977971494197845
drop_timing_seq,xgb_per_bssid,RogueAP_29.csv,radiotap_signal_dbm_std,0.047488387674093246
drop_timing_seq,xgb_per_bssid,RogueAP_29.csv,radiotap_signal_dbm_max,0.03772534057497978
drop_timing_seq,xgb_per_bssid,RogueAP_29.csv,radiotap_signal_dbm_range,0.017021356150507927
drop_timing_seq,xgb_per_bssid,RogueAP_29.csv,frame_len_p50,0.013161825947463512
drop_timing_seq,xgb_per_bssid,RogueAP_29.csv,fc_type_1_ratio,0.011345326900482178
drop_timing_seq,xgb_per_bssid,RogueAP_29.csv,fc_subtype_0_ratio,0.011144162155687809
drop_timing_seq,xgb_per_bssid,RogueAP_29.csv,radiotap_signal_dbm_mean,0.010124639607965946
drop_timing_seq,xgb_per_bssid,RogueAP_29.csv,cap_ess_present_ratio,0.009648621082305908
drop_timing_seq,xgb_per_bssid,RogueAP_29.csv,fc_type_2_ratio,0.009014910086989403
drop_timing_seq,xgb_per_bssid,RogueAP_29.csv,fc_subtype_11_ratio,0.008185912854969501
drop_timing_seq,xgb_per_bssid,RogueAP_29.csv,radiotap_signal_dbm_p25,0.007963414303958416
drop_timing_seq,xgb_per_bssid,RogueAP_29.csv,fc_type_0_ratio,0.007517019286751747
drop_timing_seq,xgb_per_bssid,RogueAP_29.csv,arp_present_ratio,0.006570856552571058
drop_timing_seq,rf_per_bssid,RogueAP_29.csv,fixed_beacon_present_ratio,0.0944350098964281
drop_timing_seq,rf_per_bssid,RogueAP_29.csv,fixed_beacon_ratio,0.08752927305070225
drop_timing_seq,rf_per_bssid,RogueAP_29.csv,cap_ess_ratio,0.08746591096505203
drop_timing_seq,rf_per_bssid,RogueAP_29.csv,cap_ess_present_ratio,0.08703673650538431
drop_timing_seq,rf_per_bssid,RogueAP_29.csv,ssid_nunique,0.08251006311242774
drop_timing_seq,rf_per_bssid,RogueAP_29.csv,cap_ibss_present_ratio,0.08194506301956349
drop_timing_seq,rf_per_bssid,RogueAP_29.csv,tag_length_present_ratio,0.06890131024627068
drop_timing_seq,rf_per_bssid,RogueAP_29.csv,ssid_present_ratio,0.05954957929831782
drop_timing_seq,rf_per_bssid,RogueAP_29.csv,fc_type_0_ratio,0.03553323175142706
drop_timing_seq,rf_per_bssid,RogueAP_29.csv,radio_data_rate_min,0.03255357258280604
drop_timing_seq,rf_per_bssid,RogueAP_29.csv,radiotap_datarate_mean,0.03008112138985558
drop_timing_seq,rf_per_bssid,RogueAP_29.csv,fc_type_nunique,0.021721727105184933
drop_timing_seq,rf_per_bssid,RogueAP_29.csv,radiotap_signal_dbm_range,0.018836603880304236
drop_timing_seq,rf_per_bssid,RogueAP_29.csv,radiotap_datarate_min,0.018788281129233433
drop_timing_seq,rf_per_bssid,RogueAP_29.csv,radiotap_signal_dbm_std,0.017527832877280113
drop_timing_seq,xgb_per_bssid,RogueAP_30.csv,fixed_beacon_ratio,0.34476199746131897
drop_timing_seq,xgb_per_bssid,RogueAP_30.csv,fixed_beacon_present_ratio,0.23960375785827637
drop_timing_seq,xgb_per_bssid,RogueAP_30.csv,radiotap_signal_dbm_std,0.04166368395090103
drop_timing_seq,xgb_per_bssid,RogueAP_30.csv,radiotap_signal_dbm_max,0.036963097751140594
drop_timing_seq,xgb_per_bssid,RogueAP_30.csv,fc_subtype_0_ratio,0.018215684220194817
drop_timing_seq,xgb_per_bssid,RogueAP_30.csv,radiotap_signal_dbm_range,0.014747333712875843
drop_timing_seq,xgb_per_bssid,RogueAP_30.csv,moredata_ratio,0.013448304496705532
drop_timing_seq,xgb_per_bssid,RogueAP_30.csv,fc_type_1_ratio,0.0128733916208148
drop_timing_seq,xgb_per_bssid,RogueAP_30.csv,fc_subtype_11_ratio,0.011348667554557323
drop_timing_seq,xgb_per_bssid,RogueAP_30.csv,radiotap_signal_dbm_mean,0.011238720268011093
drop_timing_seq,xgb_per_bssid,RogueAP_30.csv,radiotap_signal_dbm_p25,0.010777128860354424
drop_timing_seq,xgb_per_bssid,RogueAP_30.csv,ssid_present_ratio,0.010538325645029545
drop_timing_seq,xgb_per_bssid,RogueAP_30.csv,fc_subtype_8_ratio,0.009200247004628181
drop_timing_seq,xgb_per_bssid,RogueAP_30.csv,frame_len_std,0.00877795834094286
drop_timing_seq,xgb_per_bssid,RogueAP_30.csv,cap_ess_present_ratio,0.00846959464251995
drop_timing_seq,rf_per_bssid,RogueAP_30.csv,fixed_beacon_present_ratio,0.1017886641584571
drop_timing_seq,rf_per_bssid,RogueAP_30.csv,cap_ess_ratio,0.09204689072502861
drop_timing_seq,rf_per_bssid,RogueAP_30.csv,fixed_beacon_ratio,0.08581365066672142
drop_timing_seq,rf_per_bssid,RogueAP_30.csv,ssid_nunique,0.08420473517058369
drop_timing_seq,rf_per_bssid,RogueAP_30.csv,cap_ess_present_ratio,0.08099484614871677
drop_timing_seq,rf_per_bssid,RogueAP_30.csv,cap_ibss_present_ratio,0.0774034103620971
drop_timing_seq,rf_per_bssid,RogueAP_30.csv,tag_length_present_ratio,0.06676154386431789
drop_timing_seq,rf_per_bssid,RogueAP_30.csv,ssid_present_ratio,0.05748857669919317
drop_timing_seq,rf_per_bssid,RogueAP_30.csv,fc_type_0_ratio,0.03267980969012104
drop_timing_seq,rf_per_bssid,RogueAP_30.csv,radio_data_rate_min,0.03132853638934658
drop_timing_seq,rf_per_bssid,RogueAP_30.csv,radiotap_datarate_mean,0.02983986383944032
drop_timing_seq,rf_per_bssid,RogueAP_30.csv,fc_type_nunique,0.023303085792071004
drop_timing_seq,rf_per_bssid,RogueAP_30.csv,radiotap_datarate_min,0.021370323206550242
drop_timing_seq,rf_per_bssid,RogueAP_30.csv,radiotap_signal_dbm_range,0.021007355723444296
drop_timing_seq,rf_per_bssid,RogueAP_30.csv,radiotap_signal_dbm_std,0.018015046593855537
drop_timing_seq,xgb_per_bssid,RogueAP_31.csv,fixed_beacon_ratio,0.34708112478256226
drop_timing_seq,xgb_per_bssid,RogueAP_31.csv,fixed_beacon_present_ratio,0.22857452929019928
drop_timing_seq,xgb_per_bssid,RogueAP_31.csv,radiotap_signal_dbm_range,0.048411011695861816
drop_timing_seq,xgb_per_bssid,RogueAP_31.csv,radiotap_signal_dbm_std,0.04664593189954758
drop_timing_seq,xgb_per_bssid,RogueAP_31.csv,radiotap_signal_dbm_max,0.02848106250166893
drop_timing_seq,xgb_per_bssid,RogueAP_31.csv,fc_subtype_0_ratio,0.013395668007433414
drop_timing_seq,xgb_per_bssid,RogueAP_31.csv,moredata_ratio,0.012121076695621014
drop_timing_seq,xgb_per_bssid,RogueAP_31.csv,fc_subtype_11_ratio,0.01075742393732071
drop_timing_seq,xgb_per_bssid,RogueAP_31.csv,radiotap_signal_dbm_p25,0.01073459628969431
drop_timing_seq,xgb_per_bssid,RogueAP_31.csv,fc_type_1_ratio,0.010569327510893345
drop_timing_seq,xgb_per_bssid,RogueAP_31.csv,frame_len_p50,0.010319369845092297
drop_timing_seq,xgb_per_bssid,RogueAP_31.csv,wlan_duration_p50,0.00939564686268568
drop_timing_seq,xgb_per_bssid,RogueAP_31.csv,cap_ess_present_ratio,0.009342357516288757
drop_timing_seq,xgb_per_bssid,RogueAP_31.csv,frame_len_std,0.008417423814535141
drop_timing_seq,xgb_per_bssid,RogueAP_31.csv,fc_subtype_8_ratio,0.008245761506259441
drop_timing_seq,rf_per_bssid,RogueAP_31.csv,fixed_beacon_present_ratio,0.10220031663473048
drop_timing_seq,rf_per_bssid,RogueAP_31.csv,fixed_beacon_ratio,0.09176730302054095
drop_timing_seq,rf_per_bssid,RogueAP_31.csv,cap_ess_present_ratio,0.09022777592223652
drop_timing_seq,rf_per_bssid,RogueAP_31.csv,cap_ess_ratio,0.08089016496268939
drop_timing_seq,rf_per_bssid,RogueAP_31.csv,cap_ibss_present_ratio,0.07898922932145679
drop_timing_seq,rf_per_bssid,RogueAP_31.csv,ssid_nunique,0.07893118948977647
drop_timing_seq,rf_per_bssid,RogueAP_31.csv,tag_length_present_ratio,0.06864514515831287
drop_timing_seq,rf_per_bssid,RogueAP_31.csv,ssid_present_ratio,0.05122007066219302
drop_timing_seq,rf_per_bssid,RogueAP_31.csv,fc_type_0_ratio,0.033614929740964986
drop_timing_seq,rf_per_bssid,RogueAP_31.csv,radio_data_rate_min,0.031243552109260008
drop_timing_seq,rf_per_bssid,RogueAP_31.csv,radiotap_datarate_mean,0.030477179727764717
drop_timing_seq,rf_per_bssid,RogueAP_31.csv,fc_type_nunique,0.022348314274421847
drop_timing_seq,rf_per_bssid,RogueAP_31.csv,radiotap_datarate_min,0.021164994330554254
drop_timing_seq,rf_per_bssid,RogueAP_31.csv,radiotap_signal_dbm_range,0.018619767246365528
drop_timing_seq,rf_per_bssid,RogueAP_31.csv,radiotap_signal_dbm_std,0.018503377508766006
drop_timing_seq,xgb_per_bssid,RogueAP_32.csv,fixed_beacon_ratio,0.3439635932445526
drop_timing_seq,xgb_per_bssid,RogueAP_32.csv,fixed_beacon_present_ratio,0.22439339756965637
drop_timing_seq,xgb_per_bssid,RogueAP_32.csv,radiotap_signal_dbm_std,0.044962458312511444
drop_timing_seq,xgb_per_bssid,RogueAP_32.csv,radiotap_signal_dbm_max,0.037186142057180405
drop_timing_seq,xgb_per_bssid,RogueAP_32.csv,radiotap_signal_dbm_p25,0.023462649434804916
drop_timing_seq,xgb_per_bssid,RogueAP_32.csv,fc_subtype_0_ratio,0.017290743067860603
drop_timing_seq,xgb_per_bssid,RogueAP_32.csv,radio_signal_dbm_p75,0.015063220635056496
drop_timing_seq,xgb_per_bssid,RogueAP_32.csv,fc_subtype_11_ratio,0.011911008507013321
drop_timing_seq,xgb_per_bssid,RogueAP_32.csv,frame_len_p50,0.011685271747410297
drop_timing_seq,xgb_per_bssid,RogueAP_32.csv,fc_type_1_ratio,0.010687222704291344
drop_timing_seq,xgb_per_bssid,RogueAP_32.csv,ssid_present_ratio,0.010118520818650723
drop_timing_seq,xgb_per_bssid,RogueAP_32.csv,cap_ess_present_ratio,0.009498846717178822
drop_timing_seq,xgb_per_bssid,RogueAP_32.csv,fc_type_2_ratio,0.008499763906002045
drop_timing_seq,xgb_per_bssid,RogueAP_32.csv,frame_len_std,0.008300362154841423
drop_timing_seq,xgb_per_bssid,RogueAP_32.csv,fc_type_0_ratio,0.008025825954973698
drop_timing_seq,rf_per_bssid,RogueAP_32.csv,cap_ess_ratio,0.09532764584485057
drop_timing_seq,rf_per_bssid,RogueAP_32.csv,fixed_beacon_present_ratio,0.09362725186728466
drop_timing_seq,rf_per_bssid,RogueAP_32.csv,ssid_nunique,0.08544265181601375
drop_timing_seq,rf_per_bssid,RogueAP_32.csv,cap_ess_present_ratio,0.08461433118210272
drop_timing_seq,rf_per_bssid,RogueAP_32.csv,cap_ibss_present_ratio,0.07725420266026026
drop_timing_seq,rf_per_bssid,RogueAP_32.csv,fixed_beacon_ratio,0.0767945220966525
drop_timing_seq,rf_per_bssid,RogueAP_32.csv,tag_length_present_ratio,0.0717317365866885
drop_timing_seq,rf_per_bssid,RogueAP_32.csv,ssid_present_ratio,0.06296206737904908
drop_timing_seq,rf_per_bssid,RogueAP_32.csv,fc_type_0_ratio,0.031161473837913255
drop_timing_seq,rf_per_bssid,RogueAP_32.csv,radio_data_rate_min,0.03100960104383485
drop_timing_seq,rf_per_bssid,RogueAP_32.csv,radiotap_datarate_mean,0.030936379909480758
drop_timing_seq,rf_per_bssid,RogueAP_32.csv,fc_type_nunique,0.02536498638320069
drop_timing_seq,rf_per_bssid,RogueAP_32.csv,radiotap_datarate_min,0.019190131968647408
drop_timing_seq,rf_per_bssid,RogueAP_32.csv,radiotap_signal_dbm_std,0.017253469389303264
drop_timing_seq,rf_per_bssid,RogueAP_32.csv,radiotap_signal_dbm_range,0.017225955744864407
drop_timing_seq,xgb_per_bssid,RogueAP_33.csv,fixed_beacon_ratio,0.36531683802604675
drop_timing_seq,xgb_per_bssid,RogueAP_33.csv,fixed_beacon_present_ratio,0.23533037304878235
drop_timing_seq,xgb_per_bssid,RogueAP_33.csv,radiotap_signal_dbm_max,0.041925299912691116
drop_timing_seq,xgb_per_bssid,RogueAP_33.csv,radiotap_signal_dbm_std,0.032511524856090546
drop_timing_seq,xgb_per_bssid,RogueAP_33.csv,radiotap_signal_dbm_range,0.019450433552265167
drop_timing_seq,xgb_per_bssid,RogueAP_33.csv,fc_subtype_11_ratio,0.014143760316073895
drop_timing_seq,xgb_per_bssid,RogueAP_33.csv,fc_subtype_0_ratio,0.014132138341665268
drop_timing_seq,xgb_per_bssid,RogueAP_33.csv,radiotap_signal_dbm_p25,0.012587209232151508
drop_timing_seq,xgb_per_bssid,RogueAP_33.csv,fc_type_1_ratio,0.01122411247342825
drop_timing_seq,xgb_per_bssid,RogueAP_33.csv,cap_ess_present_ratio,0.010095419362187386
drop_timing_seq,xgb_per_bssid,RogueAP_33.csv,ssid_present_ratio,0.009994281455874443
drop_timing_seq,xgb_per_bssid,RogueAP_33.csv,fc_subtype_8_ratio,0.009619335643947124
drop_timing_seq,xgb_per_bssid,RogueAP_33.csv,fc_type_nunique,0.008967656642198563
drop_timing_seq,xgb_per_bssid,RogueAP_33.csv,frame_len_std,0.008764097467064857
drop_timing_seq,xgb_per_bssid,RogueAP_33.csv,radio_data_rate_mean,0.008329922333359718
drop_timing_seq,rf_per_bssid,RogueAP_33.csv,fixed_beacon_present_ratio,0.09842068706797973
drop_timing_seq,rf_per_bssid,RogueAP_33.csv,fixed_beacon_ratio,0.08835280231193327
drop_timing_seq,rf_per_bssid,RogueAP_33.csv,cap_ibss_present_ratio,0.08546049815336813
drop_timing_seq,rf_per_bssid,RogueAP_33.csv,ssid_nunique,0.0844792758027547
drop_timing_seq,rf_per_bssid,RogueAP_33.csv,cap_ess_ratio,0.08069735708049725
drop_timing_seq,rf_per_bssid,RogueAP_33.csv,cap_ess_present_ratio,0.07772182846746553
drop_timing_seq,rf_per_bssid,RogueAP_33.csv,tag_length_present_ratio,0.06800052527127708
drop_timing_seq,rf_per_bssid,RogueAP_33.csv,ssid_present_ratio,0.06192267707099633
drop_timing_seq,rf_per_bssid,RogueAP_33.csv,fc_type_0_ratio,0.03600868461751883
drop_timing_seq,rf_per_bssid,RogueAP_33.csv,radio_data_rate_min,0.03506275619683845
drop_timing_seq,rf_per_bssid,RogueAP_33.csv,radiotap_datarate_mean,0.03049391989554698
drop_timing_seq,rf_per_bssid,RogueAP_33.csv,radiotap_datarate_min,0.02020437144524498
drop_timing_seq,rf_per_bssid,RogueAP_33.csv,fc_type_nunique,0.019648701203173184
drop_timing_seq,rf_per_bssid,RogueAP_33.csv,radiotap_signal_dbm_std,0.018029358938626512
drop_timing_seq,rf_per_bssid,RogueAP_33.csv,radiotap_signal_dbm_range,0.016144697538219375
drop_timing_seq,xgb_per_bssid,RogueAP_34.csv,fixed_beacon_ratio,0.36967355012893677
drop_timing_seq,xgb_per_bssid,RogueAP_34.csv,fixed_beacon_present_ratio,0.22809746861457825
drop_timing_seq,xgb_per_bssid,RogueAP_34.csv,radiotap_signal_dbm_std,0.04696374014019966
drop_timing_seq,xgb_per_bssid,RogueAP_34.csv,radiotap_signal_dbm_max,0.03762970119714737
drop_timing_seq,xgb_per_bssid,RogueAP_34.csv,fc_subtype_0_ratio,0.017789172008633614
drop_timing_seq,xgb_per_bssid,RogueAP_34.csv,frame_len_p50,0.011252093128859997
drop_timing_seq,xgb_per_bssid,RogueAP_34.csv,fc_subtype_11_ratio,0.010626586154103279
drop_timing_seq,xgb_per_bssid,RogueAP_34.csv,fc_type_1_ratio,0.010520691983401775
drop_timing_seq,xgb_per_bssid,RogueAP_34.csv,radiotap_signal_dbm_p25,0.009744641371071339
drop_timing_seq,xgb_per_bssid,RogueAP_34.csv,moredata_ratio,0.009491579607129097
drop_timing_seq,xgb_per_bssid,RogueAP_34.csv,radio_data_rate_max,0.009360549040138721
drop_timing_seq,xgb_per_bssid,RogueAP_34.csv,ssid_present_ratio,0.009186326526105404
drop_timing_seq,xgb_per_bssid,RogueAP_34.csv,frame_len_std,0.008344248868525028
drop_timing_seq,xgb_per_bssid,RogueAP_34.csv,fc_subtype_8_ratio,0.008106802590191364
drop_timing_seq,xgb_per_bssid,RogueAP_34.csv,wlan_duration_p50,0.007922062650322914
drop_timing_seq,rf_per_bssid,RogueAP_34.csv,cap_ess_ratio,0.09494623389106348
drop_timing_seq,rf_per_bssid,RogueAP_34.csv,fixed_beacon_present_ratio,0.09454783403505553
drop_timing_seq,rf_per_bssid,RogueAP_34.csv,fixed_beacon_ratio,0.09217513090856361
drop_timing_seq,rf_per_bssid,RogueAP_34.csv,cap_ess_present_ratio,0.0868247366681142
drop_timing_seq,rf_per_bssid,RogueAP_34.csv,tag_length_present_ratio,0.0758544471154435
drop_timing_seq,rf_per_bssid,RogueAP_34.csv,ssid_nunique,0.07470446742278468
drop_timing_seq,rf_per_bssid,RogueAP_34.csv,cap_ibss_present_ratio,0.07431755354167105
drop_timing_seq,rf_per_bssid,RogueAP_34.csv,ssid_present_ratio,0.05812584757249961
drop_timing_seq,rf_per_bssid,RogueAP_34.csv,radio_data_rate_min,0.03417963260774181
drop_timing_seq,rf_per_bssid,RogueAP_34.csv,fc_type_0_ratio,0.03123455222214138
drop_timing_seq,rf_per_bssid,RogueAP_34.csv,radiotap_datarate_mean,0.030049934924734126
drop_timing_seq,rf_per_bssid,RogueAP_34.csv,radiotap_signal_dbm_std,0.02082401454240526
drop_timing_seq,rf_per_bssid,RogueAP_34.csv,fc_type_nunique,0.020373603235803926
drop_timing_seq,rf_per_bssid,RogueAP_34.csv,radiotap_datarate_min,0.019193925556547104
drop_timing_seq,rf_per_bssid,RogueAP_34.csv,radiotap_signal_dbm_range,0.017423825281353965
drop_timing_seq,xgb_per_bssid,RogueAP_35.csv,fixed_beacon_ratio,0.35396677255630493
drop_timing_seq,xgb_per_bssid,RogueAP_35.csv,fixed_beacon_present_ratio,0.24467283487319946
drop_timing_seq,xgb_per_bssid,RogueAP_35.csv,radiotap_signal_dbm_max,0.04199967533349991
drop_timing_seq,xgb_per_bssid,RogueAP_35.csv,radiotap_signal_dbm_std,0.029394464567303658
drop_timing_seq,xgb_per_bssid,RogueAP_35.csv,fc_subtype_11_ratio,0.014348498545587063
drop_timing_seq,xgb_per_bssid,RogueAP_35.csv,fc_subtype_0_ratio,0.013907941058278084
drop_timing_seq,xgb_per_bssid,RogueAP_35.csv,radiotap_signal_dbm_min,0.01367262750864029
drop_timing_seq,xgb_per_bssid,RogueAP_35.csv,frame_len_p50,0.012810691259801388
drop_timing_seq,xgb_per_bssid,RogueAP_35.csv,fc_type_1_ratio,0.012226850725710392
drop_timing_seq,xgb_per_bssid,RogueAP_35.csv,moredata_ratio,0.009496193379163742
drop_timing_seq,xgb_per_bssid,RogueAP_35.csv,fc_type_0_ratio,0.009410032071173191
drop_timing_seq,xgb_per_bssid,RogueAP_35.csv,ssid_present_ratio,0.009074220433831215
drop_timing_seq,xgb_per_bssid,RogueAP_35.csv,radiotap_signal_dbm_p25,0.008777203038334846
drop_timing_seq,xgb_per_bssid,RogueAP_35.csv,fc_subtype_8_ratio,0.008755789138376713
drop_timing_seq,xgb_per_bssid,RogueAP_35.csv,frame_len_std,0.008517802692949772
drop_timing_seq,rf_per_bssid,RogueAP_35.csv,fixed_beacon_present_ratio,0.10614362421120568
drop_timing_seq,rf_per_bssid,RogueAP_35.csv,fixed_beacon_ratio,0.08939270557714671
drop_timing_seq,rf_per_bssid,RogueAP_35.csv,cap_ess_ratio,0.0882855808778979
drop_timing_seq,rf_per_bssid,RogueAP_35.csv,cap_ibss_present_ratio,0.08305035854724686
drop_timing_seq,rf_per_bssid,RogueAP_35.csv,ssid_nunique,0.08072802410824335
drop_timing_seq,rf_per_bssid,RogueAP_35.csv,cap_ess_present_ratio,0.07379355750805666
drop_timing_seq,rf_per_bssid,RogueAP_35.csv,tag_length_present_ratio,0.06823841491468577
drop_timing_seq,rf_per_bssid,RogueAP_35.csv,ssid_present_ratio,0.06086155773562557
drop_timing_seq,rf_per_bssid,RogueAP_35.csv,radio_data_rate_min,0.03372865201507721
drop_timing_seq,rf_per_bssid,RogueAP_35.csv,fc_type_0_ratio,0.03190598721216677
drop_timing_seq,rf_per_bssid,RogueAP_35.csv,radiotap_datarate_mean,0.028961761977871384
drop_timing_seq,rf_per_bssid,RogueAP_35.csv,radiotap_signal_dbm_range,0.02024043515386522
drop_timing_seq,rf_per_bssid,RogueAP_35.csv,fc_type_nunique,0.020134080077892705
drop_timing_seq,rf_per_bssid,RogueAP_35.csv,radiotap_datarate_min,0.018970551909607957
drop_timing_seq,rf_per_bssid,RogueAP_35.csv,radiotap_datarate_range,0.017521785701893743
drop_timing_seq,xgb_per_bssid,RogueAP_36.csv,fixed_beacon_ratio,0.3895303010940552
drop_timing_seq,xgb_per_bssid,RogueAP_36.csv,fixed_beacon_present_ratio,0.21692918241024017
drop_timing_seq,xgb_per_bssid,RogueAP_36.csv,radiotap_signal_dbm_max,0.03417077660560608
drop_timing_seq,xgb_per_bssid,RogueAP_36.csv,radiotap_signal_dbm_std,0.029405083507299423
drop_timing_seq,xgb_per_bssid,RogueAP_36.csv,radiotap_signal_dbm_range,0.028927652165293694
drop_timing_seq,xgb_per_bssid,RogueAP_36.csv,fc_subtype_0_ratio,0.016022268682718277
drop_timing_seq,xgb_per_bssid,RogueAP_36.csv,fc_type_1_ratio,0.011393340304493904
drop_timing_seq,xgb_per_bssid,RogueAP_36.csv,frame_len_p50,0.010497048497200012
drop_timing_seq,xgb_per_bssid,RogueAP_36.csv,radiotap_signal_dbm_p25,0.010376892983913422
drop_timing_seq,xgb_per_bssid,RogueAP_36.csv,wlan_duration_p50,0.009530773386359215
drop_timing_seq,xgb_per_bssid,RogueAP_36.csv,ssid_present_ratio,0.00933504942804575
drop_timing_seq,xgb_per_bssid,RogueAP_36.csv,fc_type_0_ratio,0.00848849955946207
drop_timing_seq,xgb_per_bssid,RogueAP_36.csv,fc_subtype_8_ratio,0.008328251540660858
drop_timing_seq,xgb_per_bssid,RogueAP_36.csv,fc_subtype_11_ratio,0.008263615891337395
drop_timing_seq,xgb_per_bssid,RogueAP_36.csv,fc_type_2_ratio,0.007491597905755043
drop_timing_seq,rf_per_bssid,RogueAP_36.csv,fixed_beacon_present_ratio,0.10526463153909994
drop_timing_seq,rf_per_bssid,RogueAP_36.csv,cap_ess_ratio,0.08707018539083591
drop_timing_seq,rf_per_bssid,RogueAP_36.csv,fixed_beacon_ratio,0.08451006592592644
drop_timing_seq,rf_per_bssid,RogueAP_36.csv,cap_ess_present_ratio,0.08319419263327067
drop_timing_seq,rf_per_bssid,RogueAP_36.csv,ssid_nunique,0.07720926691569507
drop_timing_seq,rf_per_bssid,RogueAP_36.csv,cap_ibss_present_ratio,0.07369853099497238
drop_timing_seq,rf_per_bssid,RogueAP_36.csv,tag_length_present_ratio,0.06659383623026559
drop_timing_seq,rf_per_bssid,RogueAP_36.csv,ssid_present_ratio,0.06367847364370502
drop_timing_seq,rf_per_bssid,RogueAP_36.csv,fc_type_0_ratio,0.0332447898386136
drop_timing_seq,rf_per_bssid,RogueAP_36.csv,radio_data_rate_min,0.03229063055779374
drop_timing_seq,rf_per_bssid,RogueAP_36.csv,radiotap_datarate_mean,0.030044570624597505
drop_timing_seq,rf_per_bssid,RogueAP_36.csv,fc_type_nunique,0.02725716497131566
drop_timing_seq,rf_per_bssid,RogueAP_36.csv,radiotap_datarate_min,0.020029901801187244
drop_timing_seq,rf_per_bssid,RogueAP_36.csv,radiotap_signal_dbm_range,0.017786719592177678
drop_timing_seq,rf_per_bssid,RogueAP_36.csv,radiotap_signal_dbm_std,0.015992107914389143
drop_timing_seq,xgb_per_bssid,RogueAP_37.csv,fixed_beacon_ratio,0.35305359959602356
drop_timing_seq,xgb_per_bssid,RogueAP_37.csv,fixed_beacon_present_ratio,0.23348702490329742
drop_timing_seq,xgb_per_bssid,RogueAP_37.csv,radiotap_signal_dbm_max,0.03929990902543068
drop_timing_seq,xgb_per_bssid,RogueAP_37.csv,radiotap_signal_dbm_std,0.03532450646162033
drop_timing_seq,xgb_per_bssid,RogueAP_37.csv,radiotap_signal_dbm_range,0.024866202846169472
drop_timing_seq,xgb_per_bssid,RogueAP_37.csv,fc_subtype_0_ratio,0.01904614083468914
drop_timing_seq,xgb_per_bssid,RogueAP_37.csv,frame_len_p50,0.01161273568868637
drop_timing_seq,xgb_per_bssid,RogueAP_37.csv,fc_subtype_11_ratio,0.010878494940698147
drop_timing_seq,xgb_per_bssid,RogueAP_37.csv,radiotap_signal_dbm_p25,0.01079003419727087
drop_timing_seq,xgb_per_bssid,RogueAP_37.csv,fc_type_1_ratio,0.010395915247499943
drop_timing_seq,xgb_per_bssid,RogueAP_37.csv,ssid_present_ratio,0.00955690536648035
drop_timing_seq,xgb_per_bssid,RogueAP_37.csv,frame_len_std,0.008610663935542107
drop_timing_seq,xgb_per_bssid,RogueAP_37.csv,cap_ess_present_ratio,0.008061181753873825
drop_timing_seq,xgb_per_bssid,RogueAP_37.csv,radiotap_datarate_mean,0.007894347421824932
drop_timing_seq,xgb_per_bssid,RogueAP_37.csv,wlan_duration_p50,0.007541222497820854
drop_timing_seq,rf_per_bssid,RogueAP_37.csv,fixed_beacon_present_ratio,0.10005671596894893
drop_timing_seq,rf_per_bssid,RogueAP_37.csv,cap_ess_ratio,0.09198176671735486
drop_timing_seq,rf_per_bssid,RogueAP_37.csv,fixed_beacon_ratio,0.08542993590789769
drop_timing_seq,rf_per_bssid,RogueAP_37.csv,cap_ess_present_ratio,0.08152788947365994
drop_timing_seq,rf_per_bssid,RogueAP_37.csv,cap_ibss_present_ratio,0.07982146749735118
drop_timing_seq,rf_per_bssid,RogueAP_37.csv,tag_length_present_ratio,0.07273345040432522
drop_timing_seq,rf_per_bssid,RogueAP_37.csv,ssid_nunique,0.07248248593197734
drop_timing_seq,rf_per_bssid,RogueAP_37.csv,ssid_present_ratio,0.0568284116823028
drop_timing_seq,rf_per_bssid,RogueAP_37.csv,fc_type_0_ratio,0.03623948685586665
drop_timing_seq,rf_per_bssid,RogueAP_37.csv,radio_data_rate_min,0.03237902185321494
drop_timing_seq,rf_per_bssid,RogueAP_37.csv,radiotap_datarate_mean,0.030436382305885357
drop_timing_seq,rf_per_bssid,RogueAP_37.csv,fc_type_nunique,0.024360189290364997
drop_timing_seq,rf_per_bssid,RogueAP_37.csv,radiotap_datarate_min,0.019013109275515905
drop_timing_seq,rf_per_bssid,RogueAP_37.csv,radiotap_signal_dbm_range,0.017858710442765734
drop_timing_seq,rf_per_bssid,RogueAP_37.csv,radiotap_signal_dbm_std,0.016708097495087205
drop_timing_seq,xgb_per_bssid,RogueAP_38.csv,fixed_beacon_ratio,0.37285539507865906
drop_timing_seq,xgb_per_bssid,RogueAP_38.csv,fixed_beacon_present_ratio,0.23847071826457977
drop_timing_seq,xgb_per_bssid,RogueAP_38.csv,radiotap_signal_dbm_max,0.03858178108930588
drop_timing_seq,xgb_per_bssid,RogueAP_38.csv,radiotap_signal_dbm_std,0.02358761616051197
drop_timing_seq,xgb_per_bssid,RogueAP_38.csv,radiotap_signal_dbm_range,0.02153894118964672
drop_timing_seq,xgb_per_bssid,RogueAP_38.csv,ssid_present_ratio,0.0160369835793972
drop_timing_seq,xgb_per_bssid,RogueAP_38.csv,fc_subtype_0_ratio,0.01256556622684002
drop_timing_seq,xgb_per_bssid,RogueAP_38.csv,radiotap_signal_dbm_p25,0.012074677273631096
drop_timing_seq,xgb_per_bssid,RogueAP_38.csv,fc_type_1_ratio,0.011452951468527317
drop_timing_seq,xgb_per_bssid,RogueAP_38.csv,fc_subtype_11_ratio,0.01071284431964159
drop_timing_seq,xgb_per_bssid,RogueAP_38.csv,radio_signal_dbm_p50,0.008703560568392277
drop_timing_seq,xgb_per_bssid,RogueAP_38.csv,cap_ess_present_ratio,0.00781101593747735
drop_timing_seq,xgb_per_bssid,RogueAP_38.csv,fc_subtype_8_ratio,0.0077554937452077866
drop_timing_seq,xgb_per_bssid,RogueAP_38.csv,frame_len_std,0.007622175384312868
drop_timing_seq,xgb_per_bssid,RogueAP_38.csv,wlan_duration_p50,0.007191793527454138
drop_timing_seq,rf_per_bssid,RogueAP_38.csv,fixed_beacon_present_ratio,0.11036396846634876
drop_timing_seq,rf_per_bssid,RogueAP_38.csv,cap_ess_ratio,0.0866746546186714
drop_timing_seq,rf_per_bssid,RogueAP_38.csv,cap_ess_present_ratio,0.08652817320633414
drop_timing_seq,rf_per_bssid,RogueAP_38.csv,fixed_beacon_ratio,0.08285053625686616
drop_timing_seq,rf_per_bssid,RogueAP_38.csv,ssid_nunique,0.08018483803219759
drop_timing_seq,rf_per_bssid,RogueAP_38.csv,tag_length_present_ratio,0.07297496739136605
drop_timing_seq,rf_per_bssid,RogueAP_38.csv,cap_ibss_present_ratio,0.06989522514155465
drop_timing_seq,rf_per_bssid,RogueAP_38.csv,ssid_present_ratio,0.0542051437480517
drop_timing_seq,rf_per_bssid,RogueAP_38.csv,radio_data_rate_min,0.03230323542295581
drop_timing_seq,rf_per_bssid,RogueAP_38.csv,radiotap_datarate_mean,0.03173865709346118
drop_timing_seq,rf_per_bssid,RogueAP_38.csv,fc_type_0_ratio,0.030383419307738187
drop_timing_seq,rf_per_bssid,RogueAP_38.csv,fc_type_nunique,0.025213709997797627
drop_timing_seq,rf_per_bssid,RogueAP_38.csv,radiotap_datarate_min,0.02216620653649989
drop_timing_seq,rf_per_bssid,RogueAP_38.csv,radiotap_signal_dbm_range,0.018176440778225472
drop_timing_seq,rf_per_bssid,RogueAP_38.csv,radiotap_signal_dbm_max,0.015939929862847015
drop_timing_seq,xgb_per_bssid,RogueAP_39.csv,fixed_beacon_ratio,0.37285539507865906
drop_timing_seq,xgb_per_bssid,RogueAP_39.csv,fixed_beacon_present_ratio,0.23847071826457977
drop_timing_seq,xgb_per_bssid,RogueAP_39.csv,radiotap_signal_dbm_max,0.03858178108930588
drop_timing_seq,xgb_per_bssid,RogueAP_39.csv,radiotap_signal_dbm_std,0.02358761616051197
drop_timing_seq,xgb_per_bssid,RogueAP_39.csv,radiotap_signal_dbm_range,0.02153894118964672
drop_timing_seq,xgb_per_bssid,RogueAP_39.csv,ssid_present_ratio,0.0160369835793972
drop_timing_seq,xgb_per_bssid,RogueAP_39.csv,fc_subtype_0_ratio,0.01256556622684002
drop_timing_seq,xgb_per_bssid,RogueAP_39.csv,radiotap_signal_dbm_p25,0.012074677273631096
drop_timing_seq,xgb_per_bssid,RogueAP_39.csv,fc_type_1_ratio,0.011452951468527317
drop_timing_seq,xgb_per_bssid,RogueAP_39.csv,fc_subtype_11_ratio,0.01071284431964159
drop_timing_seq,xgb_per_bssid,RogueAP_39.csv,radio_signal_dbm_p50,0.008703560568392277
drop_timing_seq,xgb_per_bssid,RogueAP_39.csv,cap_ess_present_ratio,0.00781101593747735
drop_timing_seq,xgb_per_bssid,RogueAP_39.csv,fc_subtype_8_ratio,0.0077554937452077866
drop_timing_seq,xgb_per_bssid,RogueAP_39.csv,frame_len_std,0.007622175384312868
drop_timing_seq,xgb_per_bssid,RogueAP_39.csv,wlan_duration_p50,0.007191793527454138
drop_timing_seq,rf_per_bssid,RogueAP_39.csv,fixed_beacon_present_ratio,0.11036396846634876
drop_timing_seq,rf_per_bssid,RogueAP_39.csv,cap_ess_ratio,0.0866746546186714
drop_timing_seq,rf_per_bssid,RogueAP_39.csv,cap_ess_present_ratio,0.08652817320633414
drop_timing_seq,rf_per_bssid,RogueAP_39.csv,fixed_beacon_ratio,0.08285053625686616
drop_timing_seq,rf_per_bssid,RogueAP_39.csv,ssid_nunique,0.08018483803219759
drop_timing_seq,rf_per_bssid,RogueAP_39.csv,tag_length_present_ratio,0.07297496739136605
drop_timing_seq,rf_per_bssid,RogueAP_39.csv,cap_ibss_present_ratio,0.06989522514155465
drop_timing_seq,rf_per_bssid,RogueAP_39.csv,ssid_present_ratio,0.0542051437480517
drop_timing_seq,rf_per_bssid,RogueAP_39.csv,radio_data_rate_min,0.03230323542295581
drop_timing_seq,rf_per_bssid,RogueAP_39.csv,radiotap_datarate_mean,0.03173865709346118
drop_timing_seq,rf_per_bssid,RogueAP_39.csv,fc_type_0_ratio,0.030383419307738187
drop_timing_seq,rf_per_bssid,RogueAP_39.csv,fc_type_nunique,0.025213709997797627
drop_timing_seq,rf_per_bssid,RogueAP_39.csv,radiotap_datarate_min,0.02216620653649989
drop_timing_seq,rf_per_bssid,RogueAP_39.csv,radiotap_signal_dbm_range,0.018176440778225472
drop_timing_seq,rf_per_bssid,RogueAP_39.csv,radiotap_signal_dbm_max,0.015939929862847015
drop_mgmt_phy,xgb_per_bssid,RogueAP_23.csv,fc_type_nunique,0.35336244106292725
drop_mgmt_phy,xgb_per_bssid,RogueAP_23.csv,fc_type_0_ratio,0.121008962392807
drop_mgmt_phy,xgb_per_bssid,RogueAP_23.csv,seq_present_ratio,0.037416208535432816
drop_mgmt_phy,xgb_per_bssid,RogueAP_23.csv,frame_len_max,0.031771235167980194
drop_mgmt_phy,xgb_per_bssid,RogueAP_23.csv,iat_mean,0.02552548609673977
drop_mgmt_phy,xgb_per_bssid,RogueAP_23.csv,fc_subtype_13_ratio,0.024129096418619156
drop_mgmt_phy,xgb_per_bssid,RogueAP_23.csv,fc_subtype_0_ratio,0.023944519460201263
drop_mgmt_phy,xgb_per_bssid,RogueAP_23.csv,fc_type_1_ratio,0.02295619621872902
drop_mgmt_phy,xgb_per_bssid,RogueAP_23.csv,iat_p95,0.02278311550617218
drop_mgmt_phy,xgb_per_bssid,RogueAP_23.csv,llc_ratio,0.019989116117358208
drop_mgmt_phy,xgb_per_bssid,RogueAP_23.csv,iat_std,0.019628450274467468
drop_mgmt_phy,xgb_per_bssid,RogueAP_23.csv,fc_subtype_8_ratio,0.01836811937391758
drop_mgmt_phy,xgb_per_bssid,RogueAP_23.csv,frame_len_p50,0.018245331943035126
drop_mgmt_phy,xgb_per_bssid,RogueAP_23.csv,frame_len_range,0.016250310465693474
drop_mgmt_phy,xgb_per_bssid,RogueAP_23.csv,ip_proto_present_ratio,0.015453757718205452
drop_mgmt_phy,rf_per_bssid,RogueAP_23.csv,fc_type_0_ratio,0.21392184886255436
drop_mgmt_phy,rf_per_bssid,RogueAP_23.csv,fc_type_nunique,0.21339558373314146
drop_mgmt_phy,rf_per_bssid,RogueAP_23.csv,fc_type_1_ratio,0.03778078135953065
drop_mgmt_phy,rf_per_bssid,RogueAP_23.csv,seq_present_ratio,0.03512133277924854
drop_mgmt_phy,rf_per_bssid,RogueAP_23.csv,iat_mean,0.03357152254277763
drop_mgmt_phy,rf_per_bssid,RogueAP_23.csv,wlan_duration_min,0.029749118162742578
drop_mgmt_phy,rf_per_bssid,RogueAP_23.csv,iat_p95,0.02799117481689706
drop_mgmt_phy,rf_per_bssid,RogueAP_23.csv,fc_subtype_13_ratio,0.026248879922565676
drop_mgmt_phy,rf_per_bssid,RogueAP_23.csv,seq_delta_abs_mean,0.025773480658126152
drop_mgmt_phy,rf_per_bssid,RogueAP_23.csv,iat_std,0.02396539535966783
drop_mgmt_phy,rf_per_bssid,RogueAP_23.csv,seq_gap_gt1_ratio,0.02212674624626356
drop_mgmt_phy,rf_per_bssid,RogueAP_23.csv,seq_delta_std,0.021756558685801636
drop_mgmt_phy,rf_per_bssid,RogueAP_23.csv,frame_len_range,0.021414995449201064
drop_mgmt_phy,rf_per_bssid,RogueAP_23.csv,fc_ds_00000001_ratio,0.019045709073437018
drop_mgmt_phy,rf_per_bssid,RogueAP_23.csv,seq_negative_delta_ratio,0.01858022420571755
drop_mgmt_phy,xgb_per_bssid,RogueAP_24.csv,fc_type_nunique,0.3834007978439331
drop_mgmt_phy,xgb_per_bssid,RogueAP_24.csv,fc_type_0_ratio,0.12020163238048553
drop_mgmt_phy,xgb_per_bssid,RogueAP_24.csv,iat_std,0.02648596093058586
drop_mgmt_phy,xgb_per_bssid,RogueAP_24.csv,fc_subtype_0_ratio,0.02506006881594658
drop_mgmt_phy,xgb_per_bssid,RogueAP_24.csv,iat_mean,0.02418677695095539
drop_mgmt_phy,xgb_per_bssid,RogueAP_24.csv,seq_present_ratio,0.023865077644586563
drop_mgmt_phy,xgb_per_bssid,RogueAP_24.csv,fc_type_1_ratio,0.02351110614836216
drop_mgmt_phy,xgb_per_bssid,RogueAP_24.csv,fc_subtype_13_ratio,0.02339884079992771
drop_mgmt_phy,xgb_per_bssid,RogueAP_24.csv,frame_len_max,0.023397931829094887
drop_mgmt_phy,xgb_per_bssid,RogueAP_24.csv,iat_p95,0.02268845960497856
drop_mgmt_phy,xgb_per_bssid,RogueAP_24.csv,fc_subtype_8_ratio,0.020161118358373642
drop_mgmt_phy,xgb_per_bssid,RogueAP_24.csv,llc_present_ratio,0.013815648853778839
drop_mgmt_phy,xgb_per_bssid,RogueAP_24.csv,ip_proto_present_ratio,0.013592001982033253
drop_mgmt_phy,xgb_per_bssid,RogueAP_24.csv,frame_len_p50,0.012390526942908764
drop_mgmt_phy,xgb_per_bssid,RogueAP_24.csv,retry_ratio,0.012099675834178925
drop_mgmt_phy,rf_per_bssid,RogueAP_24.csv,fc_type_0_ratio,0.21468460373651327
drop_mgmt_phy,rf_per_bssid,RogueAP_24.csv,fc_type_nunique,0.2009838459696921
drop_mgmt_phy,rf_per_bssid,RogueAP_24.csv,fc_type_1_ratio,0.04274013322628862
drop_mgmt_phy,rf_per_bssid,RogueAP_24.csv,iat_mean,0.03603986190462032
drop_mgmt_phy,rf_per_bssid,RogueAP_24.csv,seq_present_ratio,0.03517919959647662
drop_mgmt_phy,rf_per_bssid,RogueAP_24.csv,wlan_duration_min,0.03252599935158419
drop_mgmt_phy,rf_per_bssid,RogueAP_24.csv,fc_subtype_13_ratio,0.029881237224466086
drop_mgmt_phy,rf_per_bssid,RogueAP_24.csv,iat_p95,0.029330946867138143
drop_mgmt_phy,rf_per_bssid,RogueAP_24.csv,seq_delta_abs_mean,0.023872335313108378
drop_mgmt_phy,rf_per_bssid,RogueAP_24.csv,seq_gap_gt1_ratio,0.023624667910596073
drop_mgmt_phy,rf_per_bssid,RogueAP_24.csv,iat_std,0.022216345556998328
drop_mgmt_phy,rf_per_bssid,RogueAP_24.csv,seq_delta_std,0.02166628328413949
drop_mgmt_phy,rf_per_bssid,RogueAP_24.csv,iat_max,0.020181607450381677
drop_mgmt_phy,rf_per_bssid,RogueAP_24.csv,fc_ds_00000001_ratio,0.019853219322895573
drop_mgmt_phy,rf_per_bssid,RogueAP_24.csv,frame_len_range,0.017958195885269167
drop_mgmt_phy,xgb_per_bssid,RogueAP_25.csv,fc_type_nunique,0.35621631145477295
drop_mgmt_phy,xgb_per_bssid,RogueAP_25.csv,fc_type_0_ratio,0.11274353414773941
drop_mgmt_phy,xgb_per_bssid,RogueAP_25.csv,moredata_ratio,0.046207327395677567
drop_mgmt_phy,xgb_per_bssid,RogueAP_25.csv,iat_std,0.027369273826479912
drop_mgmt_phy,xgb_per_bssid,RogueAP_25.csv,frame_len_max,0.0259367898106575
drop_mgmt_phy,xgb_per_bssid,RogueAP_25.csv,fc_type_1_ratio,0.02444695122539997
drop_mgmt_phy,xgb_per_bssid,RogueAP_25.csv,fc_subtype_0_ratio,0.022762618958950043
drop_mgmt_phy,xgb_per_bssid,RogueAP_25.csv,iat_mean,0.022299889475107193
drop_mgmt_phy,xgb_per_bssid,RogueAP_25.csv,fc_subtype_13_ratio,0.021409308537840843
drop_mgmt_phy,xgb_per_bssid,RogueAP_25.csv,seq_present_ratio,0.02086285687983036
drop_mgmt_phy,xgb_per_bssid,RogueAP_25.csv,fc_subtype_8_ratio,0.01827275939285755
drop_mgmt_phy,xgb_per_bssid,RogueAP_25.csv,iat_p95,0.018049029633402824
drop_mgmt_phy,xgb_per_bssid,RogueAP_25.csv,ip_proto_present_ratio,0.015021814964711666
drop_mgmt_phy,xgb_per_bssid,RogueAP_25.csv,frame_len_p50,0.01290285587310791
drop_mgmt_phy,xgb_per_bssid,RogueAP_25.csv,fc_ds_00000000_ratio,0.012163239531219006
drop_mgmt_phy,rf_per_bssid,RogueAP_25.csv,fc_type_0_ratio,0.22049210703516173
drop_mgmt_phy,rf_per_bssid,RogueAP_25.csv,fc_type_nunique,0.20386980399931573
drop_mgmt_phy,rf_per_bssid,RogueAP_25.csv,fc_type_1_ratio,0.04057401147194537
drop_mgmt_phy,rf_per_bssid,RogueAP_25.csv,seq_present_ratio,0.03647136354663775
drop_mgmt_phy,rf_per_bssid,RogueAP_25.csv,iat_mean,0.03559845229747882
drop_mgmt_phy,rf_per_bssid,RogueAP_25.csv,wlan_duration_min,0.030593869928991598
drop_mgmt_phy,rf_per_bssid,RogueAP_25.csv,fc_subtype_13_ratio,0.026061739000333317
drop_mgmt_phy,rf_per_bssid,RogueAP_25.csv,seq_delta_abs_mean,0.02480760485584102
drop_mgmt_phy,rf_per_bssid,RogueAP_25.csv,iat_p95,0.02444996613792709
drop_mgmt_phy,rf_per_bssid,RogueAP_25.csv,seq_gap_gt1_ratio,0.024215581307336524
drop_mgmt_phy,rf_per_bssid,RogueAP_25.csv,seq_delta_std,0.022629139175070125
drop_mgmt_phy,rf_per_bssid,RogueAP_25.csv,iat_std,0.021898746264871264
drop_mgmt_phy,rf_per_bssid,RogueAP_25.csv,frame_len_range,0.020356683638341932
drop_mgmt_phy,rf_per_bssid,RogueAP_25.csv,iat_max,0.01858389256557327
drop_mgmt_phy,rf_per_bssid,RogueAP_25.csv,fc_ds_00000001_ratio,0.017665539324401826
drop_mgmt_phy,xgb_per_bssid,RogueAP_26.csv,fc_type_nunique,0.3664872944355011
drop_mgmt_phy,xgb_per_bssid,RogueAP_26.csv,fc_type_0_ratio,0.14238810539245605
drop_mgmt_phy,xgb_per_bssid,RogueAP_26.csv,seq_present_ratio,0.03010275401175022
drop_mgmt_phy,xgb_per_bssid,RogueAP_26.csv,fc_subtype_0_ratio,0.028090734034776688
drop_mgmt_phy,xgb_per_bssid,RogueAP_26.csv,frame_len_max,0.027965743094682693
drop_mgmt_phy,xgb_per_bssid,RogueAP_26.csv,iat_mean,0.02573508769273758
drop_mgmt_phy,xgb_per_bssid,RogueAP_26.csv,fc_type_1_ratio,0.024367550387978554
drop_mgmt_phy,xgb_per_bssid,RogueAP_26.csv,iat_p95,0.022649094462394714
drop_mgmt_phy,xgb_per_bssid,RogueAP_26.csv,fc_subtype_13_ratio,0.022140270099043846
drop_mgmt_phy,xgb_per_bssid,RogueAP_26.csv,fc_subtype_8_ratio,0.0183437280356884
drop_mgmt_phy,xgb_per_bssid,RogueAP_26.csv,iat_std,0.014782384037971497
drop_mgmt_phy,xgb_per_bssid,RogueAP_26.csv,ip_proto_present_ratio,0.013842876069247723
drop_mgmt_phy,xgb_per_bssid,RogueAP_26.csv,retry_ratio,0.01231229305267334
drop_mgmt_phy,xgb_per_bssid,RogueAP_26.csv,fc_type_2_ratio,0.012266102246940136
drop_mgmt_phy,xgb_per_bssid,RogueAP_26.csv,iat_max,0.01139286532998085
drop_mgmt_phy,rf_per_bssid,RogueAP_26.csv,fc_type_0_ratio,0.2226728316284943
drop_mgmt_phy,rf_per_bssid,RogueAP_26.csv,fc_type_nunique,0.2083719577642164
drop_mgmt_phy,rf_per_bssid,RogueAP_26.csv,fc_type_1_ratio,0.037496919551428275
drop_mgmt_phy,rf_per_bssid,RogueAP_26.csv,seq_present_ratio,0.03547835166831743
drop_mgmt_phy,rf_per_bssid,RogueAP_26.csv,wlan_duration_min,0.03137599358213353
drop_mgmt_phy,rf_per_bssid,RogueAP_26.csv,iat_mean,0.028503413662222792
drop_mgmt_phy,rf_per_bssid,RogueAP_26.csv,fc_subtype_13_ratio,0.028070669459986843
drop_mgmt_phy,rf_per_bssid,RogueAP_26.csv,iat_p95,0.026905276073545405
drop_mgmt_phy,rf_per_bssid,RogueAP_26.csv,seq_delta_abs_mean,0.026199111676575373
drop_mgmt_phy,rf_per_bssid,RogueAP_26.csv,iat_std,0.025567050639131967
drop_mgmt_phy,rf_per_bssid,RogueAP_26.csv,seq_gap_gt1_ratio,0.02287991049557153
drop_mgmt_phy,rf_per_bssid,RogueAP_26.csv,seq_delta_std,0.021266063410231073
drop_mgmt_phy,rf_per_bssid,RogueAP_26.csv,frame_len_range,0.020787091842994047
drop_mgmt_phy,rf_per_bssid,RogueAP_26.csv,seq_negative_delta_ratio,0.01737686079687027
drop_mgmt_phy,rf_per_bssid,RogueAP_26.csv,iat_max,0.017341258726557656
drop_mgmt_phy,xgb_per_bssid,RogueAP_27.csv,fc_type_nunique,0.36590006947517395
drop_mgmt_phy,xgb_per_bssid,RogueAP_27.csv,fc_type_0_ratio,0.1226005032658577
drop_mgmt_phy,xgb_per_bssid,RogueAP_27.csv,frame_len_max,0.03178483620285988
drop_mgmt_phy,xgb_per_bssid,RogueAP_27.csv,fc_type_1_ratio,0.026151083409786224
drop_mgmt_phy,xgb_per_bssid,RogueAP_27.csv,fc_subtype_0_ratio,0.02532902918756008
drop_mgmt_phy,xgb_per_bssid,RogueAP_27.csv,iat_mean,0.023158855736255646
drop_mgmt_phy,xgb_per_bssid,RogueAP_27.csv,iat_std,0.022436074912548065
drop_mgmt_phy,xgb_per_bssid,RogueAP_27.csv,fc_subtype_8_ratio,0.021735338494181633
drop_mgmt_phy,xgb_per_bssid,RogueAP_27.csv,frame_len_p50,0.021467117592692375
drop_mgmt_phy,xgb_per_bssid,RogueAP_27.csv,fc_subtype_13_ratio,0.020571716129779816
drop_mgmt_phy,xgb_per_bssid,RogueAP_27.csv,iat_p95,0.01977509632706642
drop_mgmt_phy,xgb_per_bssid,RogueAP_27.csv,ip_proto_present_ratio,0.015737662091851234
drop_mgmt_phy,xgb_per_bssid,RogueAP_27.csv,iat_max,0.015288494527339935
drop_mgmt_phy,xgb_per_bssid,RogueAP_27.csv,seq_present_ratio,0.014585515484213829
drop_mgmt_phy,xgb_per_bssid,RogueAP_27.csv,frame_len_range,0.01393785048276186
drop_mgmt_phy,rf_per_bssid,RogueAP_27.csv,fc_type_0_ratio,0.21081556231892265
drop_mgmt_phy,rf_per_bssid,RogueAP_27.csv,fc_type_nunique,0.20245753014426632
drop_mgmt_phy,rf_per_bssid,RogueAP_27.csv,fc_type_1_ratio,0.04039520415198763
drop_mgmt_phy,rf_per_bssid,RogueAP_27.csv,iat_mean,0.03928085759249616
drop_mgmt_phy,rf_per_bssid,RogueAP_27.csv,seq_present_ratio,0.03681260725648226
drop_mgmt_phy,rf_per_bssid,RogueAP_27.csv,wlan_duration_min,0.03366471111995
drop_mgmt_phy,rf_per_bssid,RogueAP_27.csv,iat_std,0.026736016384833843
drop_mgmt_phy,rf_per_bssid,RogueAP_27.csv,seq_delta_abs_mean,0.0243943290434271
drop_mgmt_phy,rf_per_bssid,RogueAP_27.csv,fc_subtype_13_ratio,0.02438149526233739
drop_mgmt_phy,rf_per_bssid,RogueAP_27.csv,seq_gap_gt1_ratio,0.023662388053956613
drop_mgmt_phy,rf_per_bssid,RogueAP_27.csv,seq_delta_std,0.0231713150186275
drop_mgmt_phy,rf_per_bssid,RogueAP_27.csv,frame_len_range,0.02150287648358916
drop_mgmt_phy,rf_per_bssid,RogueAP_27.csv,iat_max,0.01932583666964002
drop_mgmt_phy,rf_per_bssid,RogueAP_27.csv,iat_p95,0.019126511495129183
drop_mgmt_phy,rf_per_bssid,RogueAP_27.csv,seq_negative_delta_ratio,0.01761601636500459
drop_mgmt_phy,xgb_per_bssid,RogueAP_28.csv,fc_type_nunique,0.3569462299346924
drop_mgmt_phy,xgb_per_bssid,RogueAP_28.csv,fc_type_0_ratio,0.14065107703208923
drop_mgmt_phy,xgb_per_bssid,RogueAP_28.csv,fc_type_1_ratio,0.027205096557736397
drop_mgmt_phy,xgb_per_bssid,RogueAP_28.csv,frame_len_max,0.02600918523967266
drop_mgmt_phy,xgb_per_bssid,RogueAP_28.csv,seq_present_ratio,0.025968346744775772
drop_mgmt_phy,xgb_per_bssid,RogueAP_28.csv,frame_len_p50,0.023892998695373535
drop_mgmt_phy,xgb_per_bssid,RogueAP_28.csv,fc_subtype_13_ratio,0.02246183715760708
drop_mgmt_phy,xgb_per_bssid,RogueAP_28.csv,fc_subtype_0_ratio,0.022348523139953613
drop_mgmt_phy,xgb_per_bssid,RogueAP_28.csv,iat_mean,0.02173873595893383
drop_mgmt_phy,xgb_per_bssid,RogueAP_28.csv,iat_p95,0.018679065629839897
drop_mgmt_phy,xgb_per_bssid,RogueAP_28.csv,fc_subtype_8_ratio,0.018601424992084503
drop_mgmt_phy,xgb_per_bssid,RogueAP_28.csv,iat_std,0.016767198219895363
drop_mgmt_phy,xgb_per_bssid,RogueAP_28.csv,ip_proto_present_ratio,0.01561596617102623
drop_mgmt_phy,xgb_per_bssid,RogueAP_28.csv,retry_ratio,0.012385575100779533
drop_mgmt_phy,xgb_per_bssid,RogueAP_28.csv,fc_ds_00000001_ratio,0.011122887954115868
drop_mgmt_phy,rf_per_bssid,RogueAP_28.csv,fc_type_0_ratio,0.21611142689634952
drop_mgmt_phy,rf_per_bssid,RogueAP_28.csv,fc_type_nunique,0.21344687773918894
drop_mgmt_phy,rf_per_bssid,RogueAP_28.csv,fc_type_1_ratio,0.042384300454494525
drop_mgmt_phy,rf_per_bssid,RogueAP_28.csv,seq_present_ratio,0.036561300827411616
drop_mgmt_phy,rf_per_bssid,RogueAP_28.csv,wlan_duration_min,0.031478614442894966
drop_mgmt_phy,rf_per_bssid,RogueAP_28.csv,iat_mean,0.027591296009137466
drop_mgmt_phy,rf_per_bssid,RogueAP_28.csv,fc_subtype_13_ratio,0.02703297547118724
drop_mgmt_phy,rf_per_bssid,RogueAP_28.csv,iat_p95,0.023945135903131326
drop_mgmt_phy,rf_per_bssid,RogueAP_28.csv,seq_delta_abs_mean,0.02359032401617923
drop_mgmt_phy,rf_per_bssid,RogueAP_28.csv,seq_gap_gt1_ratio,0.02181558339371842
drop_mgmt_phy,rf_per_bssid,RogueAP_28.csv,fc_ds_00000001_ratio,0.0209752067319537
drop_mgmt_phy,rf_per_bssid,RogueAP_28.csv,iat_std,0.020896452320849638
drop_mgmt_phy,rf_per_bssid,RogueAP_28.csv,seq_delta_std,0.018384984920353946
drop_mgmt_phy,rf_per_bssid,RogueAP_28.csv,seq_negative_delta_ratio,0.017811418199912492
drop_mgmt_phy,rf_per_bssid,RogueAP_28.csv,fc_subtype_11_ratio,0.017311214354549364
drop_mgmt_phy,xgb_per_bssid,RogueAP_29.csv,fc_type_nunique,0.3729834258556366
drop_mgmt_phy,xgb_per_bssid,RogueAP_29.csv,fc_type_0_ratio,0.1378849595785141
drop_mgmt_phy,xgb_per_bssid,RogueAP_29.csv,frame_len_max,0.026484627276659012
drop_mgmt_phy,xgb_per_bssid,RogueAP_29.csv,seq_present_ratio,0.024471234530210495
drop_mgmt_phy,xgb_per_bssid,RogueAP_29.csv,fc_subtype_13_ratio,0.02305552177131176
drop_mgmt_phy,xgb_per_bssid,RogueAP_29.csv,fc_type_1_ratio,0.022700659930706024
drop_mgmt_phy,xgb_per_bssid,RogueAP_29.csv,iat_p95,0.02105514146387577
drop_mgmt_phy,xgb_per_bssid,RogueAP_29.csv,iat_mean,0.020290261134505272
drop_mgmt_phy,xgb_per_bssid,RogueAP_29.csv,iat_std,0.020157216116786003
drop_mgmt_phy,xgb_per_bssid,RogueAP_29.csv,fc_subtype_0_ratio,0.01963246800005436
drop_mgmt_phy,xgb_per_bssid,RogueAP_29.csv,fc_subtype_8_ratio,0.016869859769940376
drop_mgmt_phy,xgb_per_bssid,RogueAP_29.csv,ip_proto_present_ratio,0.016324127092957497
drop_mgmt_phy,xgb_per_bssid,RogueAP_29.csv,retry_ratio,0.013981293886899948
drop_mgmt_phy,xgb_per_bssid,RogueAP_29.csv,fc_subtype_5_ratio,0.012481971643865108
drop_mgmt_phy,xgb_per_bssid,RogueAP_29.csv,fc_subtype_nunique,0.012185737490653992
drop_mgmt_phy,rf_per_bssid,RogueAP_29.csv,fc_type_0_ratio,0.22323705800384958
drop_mgmt_phy,rf_per_bssid,RogueAP_29.csv,fc_type_nunique,0.21352458297031301
drop_mgmt_phy,rf_per_bssid,RogueAP_29.csv,fc_type_1_ratio,0.04011038679330961
drop_mgmt_phy,rf_per_bssid,RogueAP_29.csv,seq_present_ratio,0.0367742627754625
drop_mgmt_phy,rf_per_bssid,RogueAP_29.csv,wlan_duration_min,0.033505782033580615
drop_mgmt_phy,rf_per_bssid,RogueAP_29.csv,iat_mean,0.03027186192900421
drop_mgmt_phy,rf_per_bssid,RogueAP_29.csv,seq_delta_abs_mean,0.026961480645531652
drop_mgmt_phy,rf_per_bssid,RogueAP_29.csv,iat_p95,0.02372291033893045
drop_mgmt_phy,rf_per_bssid,RogueAP_29.csv,seq_delta_std,0.022280143544065517
drop_mgmt_phy,rf_per_bssid,RogueAP_29.csv,fc_subtype_13_ratio,0.020877291358796634
drop_mgmt_phy,rf_per_bssid,RogueAP_29.csv,seq_gap_gt1_ratio,0.019977262923288216
drop_mgmt_phy,rf_per_bssid,RogueAP_29.csv,iat_std,0.019862959793512536
drop_mgmt_phy,rf_per_bssid,RogueAP_29.csv,iat_max,0.017446745832078808
drop_mgmt_phy,rf_per_bssid,RogueAP_29.csv,seq_negative_delta_ratio,0.016472072397409224
drop_mgmt_phy,rf_per_bssid,RogueAP_29.csv,fc_ds_00000001_ratio,0.016056800938141536
drop_mgmt_phy,xgb_per_bssid,RogueAP_30.csv,fc_type_nunique,0.37712860107421875
drop_mgmt_phy,xgb_per_bssid,RogueAP_30.csv,fc_type_0_ratio,0.12648847699165344
drop_mgmt_phy,xgb_per_bssid,RogueAP_30.csv,fc_subtype_0_ratio,0.027611762285232544
drop_mgmt_phy,xgb_per_bssid,RogueAP_30.csv,fc_type_1_ratio,0.026578156277537346
drop_mgmt_phy,xgb_per_bssid,RogueAP_30.csv,frame_len_max,0.0254391860216856
drop_mgmt_phy,xgb_per_bssid,RogueAP_30.csv,iat_mean,0.025057518854737282
drop_mgmt_phy,xgb_per_bssid,RogueAP_30.csv,seq_present_ratio,0.024583259597420692
drop_mgmt_phy,xgb_per_bssid,RogueAP_30.csv,iat_p95,0.023878207430243492
drop_mgmt_phy,xgb_per_bssid,RogueAP_30.csv,fc_subtype_13_ratio,0.023670071735978127
drop_mgmt_phy,xgb_per_bssid,RogueAP_30.csv,iat_std,0.021227562800049782
drop_mgmt_phy,xgb_per_bssid,RogueAP_30.csv,fc_subtype_8_ratio,0.01982579380273819
drop_mgmt_phy,xgb_per_bssid,RogueAP_30.csv,llc_present_ratio,0.013851054944097996
drop_mgmt_phy,xgb_per_bssid,RogueAP_30.csv,retry_ratio,0.01371053233742714
drop_mgmt_phy,xgb_per_bssid,RogueAP_30.csv,fc_subtype_nunique,0.012738118879497051
drop_mgmt_phy,xgb_per_bssid,RogueAP_30.csv,ip_proto_present_ratio,0.012469608336687088
drop_mgmt_phy,rf_per_bssid,RogueAP_30.csv,fc_type_nunique,0.2166774374850456
drop_mgmt_phy,rf_per_bssid,RogueAP_30.csv,fc_type_0_ratio,0.20941129169508993
drop_mgmt_phy,rf_per_bssid,RogueAP_30.csv,fc_type_1_ratio,0.03800584971274042
drop_mgmt_phy,rf_per_bssid,RogueAP_30.csv,seq_present_ratio,0.03607867013687003
drop_mgmt_phy,rf_per_bssid,RogueAP_30.csv,iat_mean,0.03441491110999746
drop_mgmt_phy,rf_per_bssid,RogueAP_30.csv,wlan_duration_min,0.03287919022152954
drop_mgmt_phy,rf_per_bssid,RogueAP_30.csv,fc_subtype_13_ratio,0.02965426527753297
drop_mgmt_phy,rf_per_bssid,RogueAP_30.csv,seq_delta_abs_mean,0.02591342334214253
drop_mgmt_phy,rf_per_bssid,RogueAP_30.csv,seq_delta_std,0.022992382057903698
drop_mgmt_phy,rf_per_bssid,RogueAP_30.csv,seq_gap_gt1_ratio,0.021353358271728157
drop_mgmt_phy,rf_per_bssid,RogueAP_30.csv,iat_std,0.020979263779845873
drop_mgmt_phy,rf_per_bssid,RogueAP_30.csv,iat_p95,0.020369787664345346
drop_mgmt_phy,rf_per_bssid,RogueAP_30.csv,iat_max,0.018278453180122858
drop_mgmt_phy,rf_per_bssid,RogueAP_30.csv,fc_ds_00000001_ratio,0.017710292493162028
drop_mgmt_phy,rf_per_bssid,RogueAP_30.csv,frame_len_range,0.017532836930839842
drop_mgmt_phy,xgb_per_bssid,RogueAP_31.csv,fc_type_nunique,0.37486690282821655
drop_mgmt_phy,xgb_per_bssid,RogueAP_31.csv,fc_type_0_ratio,0.13052713871002197
drop_mgmt_phy,xgb_per_bssid,RogueAP_31.csv,frame_len_max,0.030443385243415833
drop_mgmt_phy,xgb_per_bssid,RogueAP_31.csv,iat_p95,0.023700512945652008
drop_mgmt_phy,xgb_per_bssid,RogueAP_31.csv,seq_present_ratio,0.023554464802145958
drop_mgmt_phy,xgb_per_bssid,RogueAP_31.csv,fc_type_1_ratio,0.023438232019543648
drop_mgmt_phy,xgb_per_bssid,RogueAP_31.csv,iat_std,0.023174358531832695
drop_mgmt_phy,xgb_per_bssid,RogueAP_31.csv,fc_subtype_0_ratio,0.02261192537844181
drop_mgmt_phy,xgb_per_bssid,RogueAP_31.csv,fc_subtype_13_ratio,0.022603651508688927
drop_mgmt_phy,xgb_per_bssid,RogueAP_31.csv,iat_mean,0.020375514402985573
drop_mgmt_phy,xgb_per_bssid,RogueAP_31.csv,fc_subtype_8_ratio,0.016605738550424576
drop_mgmt_phy,xgb_per_bssid,RogueAP_31.csv,ip_proto_present_ratio,0.013296925462782383
drop_mgmt_phy,xgb_per_bssid,RogueAP_31.csv,tcp_syn_present_ratio,0.012832106091082096
drop_mgmt_phy,xgb_per_bssid,RogueAP_31.csv,fc_subtype_nunique,0.011269470676779747
drop_mgmt_phy,xgb_per_bssid,RogueAP_31.csv,frame_len_p50,0.011067395098507404
drop_mgmt_phy,rf_per_bssid,RogueAP_31.csv,fc_type_0_ratio,0.21780602976862978
drop_mgmt_phy,rf_per_bssid,RogueAP_31.csv,fc_type_nunique,0.21647109469156828
drop_mgmt_phy,rf_per_bssid,RogueAP_31.csv,fc_type_1_ratio,0.03713300832914839
drop_mgmt_phy,rf_per_bssid,RogueAP_31.csv,iat_mean,0.037080849680233625
drop_mgmt_phy,rf_per_bssid,RogueAP_31.csv,seq_present_ratio,0.036770160728190414
drop_mgmt_phy,rf_per_bssid,RogueAP_31.csv,wlan_duration_min,0.032020410845505234
drop_mgmt_phy,rf_per_bssid,RogueAP_31.csv,fc_subtype_13_ratio,0.025393448393450316
drop_mgmt_phy,rf_per_bssid,RogueAP_31.csv,iat_p95,0.02531073620624684
drop_mgmt_phy,rf_per_bssid,RogueAP_31.csv,seq_delta_abs_mean,0.025007430321891067
drop_mgmt_phy,rf_per_bssid,RogueAP_31.csv,seq_gap_gt1_ratio,0.022554714909507032
drop_mgmt_phy,rf_per_bssid,RogueAP_31.csv,seq_delta_std,0.02208819850205744
drop_mgmt_phy,rf_per_bssid,RogueAP_31.csv,iat_std,0.021660256574591426
drop_mgmt_phy,rf_per_bssid,RogueAP_31.csv,frame_len_range,0.02018025368397834
drop_mgmt_phy,rf_per_bssid,RogueAP_31.csv,fc_ds_00000001_ratio,0.018464840270779586
drop_mgmt_phy,rf_per_bssid,RogueAP_31.csv,seq_negative_delta_ratio,0.018226263830437107
drop_mgmt_phy,xgb_per_bssid,RogueAP_32.csv,fc_type_nunique,0.35185882449150085
drop_mgmt_phy,xgb_per_bssid,RogueAP_32.csv,fc_type_0_ratio,0.10814362019300461
drop_mgmt_phy,xgb_per_bssid,RogueAP_32.csv,frame_len_max,0.02904648706316948
drop_mgmt_phy,xgb_per_bssid,RogueAP_32.csv,fc_type_1_ratio,0.027986621484160423
drop_mgmt_phy,xgb_per_bssid,RogueAP_32.csv,seq_present_ratio,0.027424855157732964
drop_mgmt_phy,xgb_per_bssid,RogueAP_32.csv,llc_ratio,0.023471536114811897
drop_mgmt_phy,xgb_per_bssid,RogueAP_32.csv,fc_subtype_13_ratio,0.022776655852794647
drop_mgmt_phy,xgb_per_bssid,RogueAP_32.csv,fc_subtype_0_ratio,0.021880291402339935
drop_mgmt_phy,xgb_per_bssid,RogueAP_32.csv,iat_std,0.020813532173633575
drop_mgmt_phy,xgb_per_bssid,RogueAP_32.csv,iat_p95,0.02036180905997753
drop_mgmt_phy,xgb_per_bssid,RogueAP_32.csv,iat_mean,0.020081013441085815
drop_mgmt_phy,xgb_per_bssid,RogueAP_32.csv,fc_subtype_8_ratio,0.017774539068341255
drop_mgmt_phy,xgb_per_bssid,RogueAP_32.csv,frame_len_p50,0.01586826518177986
drop_mgmt_phy,xgb_per_bssid,RogueAP_32.csv,llc_present_ratio,0.01502224337309599
drop_mgmt_phy,xgb_per_bssid,RogueAP_32.csv,ip_proto_present_ratio,0.01423716638237238
drop_mgmt_phy,rf_per_bssid,RogueAP_32.csv,fc_type_0_ratio,0.2154792913340737
drop_mgmt_phy,rf_per_bssid,RogueAP_32.csv,fc_type_nunique,0.20997803159186434
drop_mgmt_phy,rf_per_bssid,RogueAP_32.csv,fc_type_1_ratio,0.03896081813515209
drop_mgmt_phy,rf_per_bssid,RogueAP_32.csv,seq_present_ratio,0.037441733320359036
drop_mgmt_phy,rf_per_bssid,RogueAP_32.csv,iat_mean,0.033778127441052956
drop_mgmt_phy,rf_per_bssid,RogueAP_32.csv,wlan_duration_min,0.03283016493727293
drop_mgmt_phy,rf_per_bssid,RogueAP_32.csv,iat_p95,0.02758950370362154
drop_mgmt_phy,rf_per_bssid,RogueAP_32.csv,fc_subtype_13_ratio,0.027031079049711894
drop_mgmt_phy,rf_per_bssid,RogueAP_32.csv,seq_delta_abs_mean,0.024892551369099528
drop_mgmt_phy,rf_per_bssid,RogueAP_32.csv,frame_len_range,0.022709704287135563
drop_mgmt_phy,rf_per_bssid,RogueAP_32.csv,seq_gap_gt1_ratio,0.022238522533117307
drop_mgmt_phy,rf_per_bssid,RogueAP_32.csv,iat_std,0.021919321416939502
drop_mgmt_phy,rf_per_bssid,RogueAP_32.csv,seq_delta_std,0.021440479911977103
drop_mgmt_phy,rf_per_bssid,RogueAP_32.csv,iat_max,0.01913138193152764
drop_mgmt_phy,rf_per_bssid,RogueAP_32.csv,fc_ds_00000001_ratio,0.019107324102406592
drop_mgmt_phy,xgb_per_bssid,RogueAP_33.csv,fc_type_nunique,0.37416332960128784
drop_mgmt_phy,xgb_per_bssid,RogueAP_33.csv,fc_type_0_ratio,0.11528622359037399
drop_mgmt_phy,xgb_per_bssid,RogueAP_33.csv,fc_type_1_ratio,0.02894444391131401
drop_mgmt_phy,xgb_per_bssid,RogueAP_33.csv,frame_len_max,0.028526565060019493
drop_mgmt_phy,xgb_per_bssid,RogueAP_33.csv,seq_present_ratio,0.027306975796818733
drop_mgmt_phy,xgb_per_bssid,RogueAP_33.csv,iat_p95,0.02525695227086544
drop_mgmt_phy,xgb_per_bssid,RogueAP_33.csv,fc_subtype_0_ratio,0.024018026888370514
drop_mgmt_phy,xgb_per_bssid,RogueAP_33.csv,iat_mean,0.021417105570435524
drop_mgmt_phy,xgb_per_bssid,RogueAP_33.csv,fc_subtype_13_ratio,0.02123340219259262
drop_mgmt_phy,xgb_per_bssid,RogueAP_33.csv,iat_std,0.01952861063182354
drop_mgmt_phy,xgb_per_bssid,RogueAP_33.csv,fc_subtype_8_ratio,0.01881091110408306
drop_mgmt_phy,xgb_per_bssid,RogueAP_33.csv,ip_proto_present_ratio,0.014188476838171482
drop_mgmt_phy,xgb_per_bssid,RogueAP_33.csv,llc_present_ratio,0.013859620317816734
drop_mgmt_phy,xgb_per_bssid,RogueAP_33.csv,fc_subtype_nunique,0.012251495383679867
drop_mgmt_phy,xgb_per_bssid,RogueAP_33.csv,frame_len_p50,0.01188778504729271
drop_mgmt_phy,rf_per_bssid,RogueAP_33.csv,fc_type_0_ratio,0.21842360605708147
drop_mgmt_phy,rf_per_bssid,RogueAP_33.csv,fc_type_nunique,0.20634828528668478
drop_mgmt_phy,rf_per_bssid,RogueAP_33.csv,fc_type_1_ratio,0.03972556501700374
drop_mgmt_phy,rf_per_bssid,RogueAP_33.csv,seq_present_ratio,0.03815601478551341
drop_mgmt_phy,rf_per_bssid,RogueAP_33.csv,iat_mean,0.032734971619640243
drop_mgmt_phy,rf_per_bssid,RogueAP_33.csv,wlan_duration_min,0.030806912812428623
drop_mgmt_phy,rf_per_bssid,RogueAP_33.csv,fc_subtype_13_ratio,0.026291404875156382
drop_mgmt_phy,rf_per_bssid,RogueAP_33.csv,iat_p95,0.025901494906140667
drop_mgmt_phy,rf_per_bssid,RogueAP_33.csv,iat_std,0.0230185437785131
drop_mgmt_phy,rf_per_bssid,RogueAP_33.csv,seq_delta_abs_mean,0.02283320011440267
drop_mgmt_phy,rf_per_bssid,RogueAP_33.csv,seq_delta_std,0.021231584028741535
drop_mgmt_phy,rf_per_bssid,RogueAP_33.csv,seq_gap_gt1_ratio,0.021062776643383994
drop_mgmt_phy,rf_per_bssid,RogueAP_33.csv,frame_len_range,0.02065811207651037
drop_mgmt_phy,rf_per_bssid,RogueAP_33.csv,fc_ds_00000001_ratio,0.02061249394726938
drop_mgmt_phy,rf_per_bssid,RogueAP_33.csv,seq_negative_delta_ratio,0.018548736145383927
drop_mgmt_phy,xgb_per_bssid,RogueAP_34.csv,fc_type_nunique,0.3413482904434204
drop_mgmt_phy,xgb_per_bssid,RogueAP_34.csv,fc_type_0_ratio,0.11819692701101303
drop_mgmt_phy,xgb_per_bssid,RogueAP_34.csv,fc_type_2_ratio,0.030939776450395584
drop_mgmt_phy,xgb_per_bssid,RogueAP_34.csv,seq_present_ratio,0.02577831968665123
drop_mgmt_phy,xgb_per_bssid,RogueAP_34.csv,frame_len_max,0.025357475504279137
drop_mgmt_phy,xgb_per_bssid,RogueAP_34.csv,fc_type_1_ratio,0.024670151993632317
drop_mgmt_phy,xgb_per_bssid,RogueAP_34.csv,fc_subtype_13_ratio,0.021300379186868668
drop_mgmt_phy,xgb_per_bssid,RogueAP_34.csv,iat_mean,0.02037877030670643
drop_mgmt_phy,xgb_per_bssid,RogueAP_34.csv,iat_p95,0.02029498480260372
drop_mgmt_phy,xgb_per_bssid,RogueAP_34.csv,llc_ratio,0.018027445301413536
drop_mgmt_phy,xgb_per_bssid,RogueAP_34.csv,iat_std,0.017847707495093346
drop_mgmt_phy,xgb_per_bssid,RogueAP_34.csv,llc_present_ratio,0.017291350290179253
drop_mgmt_phy,xgb_per_bssid,RogueAP_34.csv,fc_subtype_0_ratio,0.017210401594638824
drop_mgmt_phy,xgb_per_bssid,RogueAP_34.csv,ip_proto_present_ratio,0.016366861760616302
drop_mgmt_phy,xgb_per_bssid,RogueAP_34.csv,fc_subtype_8_ratio,0.014672909863293171
drop_mgmt_phy,rf_per_bssid,RogueAP_34.csv,fc_type_0_ratio,0.21709224761295642
drop_mgmt_phy,rf_per_bssid,RogueAP_34.csv,fc_type_nunique,0.21081262941733844
drop_mgmt_phy,rf_per_bssid,RogueAP_34.csv,fc_type_1_ratio,0.03781813343902504
drop_mgmt_phy,rf_per_bssid,RogueAP_34.csv,iat_mean,0.033711525701171974
drop_mgmt_phy,rf_per_bssid,RogueAP_34.csv,seq_present_ratio,0.03343489249452884
drop_mgmt_phy,rf_per_bssid,RogueAP_34.csv,fc_subtype_13_ratio,0.03064356305771657
drop_mgmt_phy,rf_per_bssid,RogueAP_34.csv,wlan_duration_min,0.029948190023960222
drop_mgmt_phy,rf_per_bssid,RogueAP_34.csv,iat_p95,0.025026982673730516
drop_mgmt_phy,rf_per_bssid,RogueAP_34.csv,iat_std,0.023935165393329468
drop_mgmt_phy,rf_per_bssid,RogueAP_34.csv,seq_gap_gt1_ratio,0.023756186257259213
drop_mgmt_phy,rf_per_bssid,RogueAP_34.csv,seq_delta_abs_mean,0.02370870233795605
drop_mgmt_phy,rf_per_bssid,RogueAP_34.csv,frame_len_range,0.021101270549172005
drop_mgmt_phy,rf_per_bssid,RogueAP_34.csv,seq_delta_std,0.020881373137415154
drop_mgmt_phy,rf_per_bssid,RogueAP_34.csv,iat_max,0.018406764523774183
drop_mgmt_phy,rf_per_bssid,RogueAP_34.csv,seq_negative_delta_ratio,0.01729455434537064
drop_mgmt_phy,xgb_per_bssid,RogueAP_35.csv,fc_type_nunique,0.358216792345047
drop_mgmt_phy,xgb_per_bssid,RogueAP_35.csv,fc_type_0_ratio,0.11241316050291061
drop_mgmt_phy,xgb_per_bssid,RogueAP_35.csv,fc_type_2_ratio,0.04120688885450363
drop_mgmt_phy,xgb_per_bssid,RogueAP_35.csv,frame_len_max,0.027651548385620117
drop_mgmt_phy,xgb_per_bssid,RogueAP_35.csv,fc_type_1_ratio,0.024313539266586304
drop_mgmt_phy,xgb_per_bssid,RogueAP_35.csv,iat_p95,0.020529845729470253
drop_mgmt_phy,xgb_per_bssid,RogueAP_35.csv,fc_subtype_13_ratio,0.02037154510617256
drop_mgmt_phy,xgb_per_bssid,RogueAP_35.csv,iat_mean,0.02029765583574772
drop_mgmt_phy,xgb_per_bssid,RogueAP_35.csv,fc_subtype_0_ratio,0.020209675654768944
drop_mgmt_phy,xgb_per_bssid,RogueAP_35.csv,iat_max,0.01930464804172516
drop_mgmt_phy,xgb_per_bssid,RogueAP_35.csv,fc_subtype_8_ratio,0.017188971862196922
drop_mgmt_phy,xgb_per_bssid,RogueAP_35.csv,seq_present_ratio,0.01585514284670353
drop_mgmt_phy,xgb_per_bssid,RogueAP_35.csv,iat_std,0.015338695608079433
drop_mgmt_phy,xgb_per_bssid,RogueAP_35.csv,llc_present_ratio,0.01437527034431696
drop_mgmt_phy,xgb_per_bssid,RogueAP_35.csv,ip_proto_present_ratio,0.013695430010557175
drop_mgmt_phy,rf_per_bssid,RogueAP_35.csv,fc_type_0_ratio,0.2337025744232613
drop_mgmt_phy,rf_per_bssid,RogueAP_35.csv,fc_type_nunique,0.20401934461753582
drop_mgmt_phy,rf_per_bssid,RogueAP_35.csv,fc_type_1_ratio,0.03511994826767707
drop_mgmt_phy,rf_per_bssid,RogueAP_35.csv,seq_present_ratio,0.0346837009635794
drop_mgmt_phy,rf_per_bssid,RogueAP_35.csv,iat_mean,0.03321402753681499
drop_mgmt_phy,rf_per_bssid,RogueAP_35.csv,wlan_duration_min,0.03222801523691385
drop_mgmt_phy,rf_per_bssid,RogueAP_35.csv,seq_delta_abs_mean,0.025524324073114925
drop_mgmt_phy,rf_per_bssid,RogueAP_35.csv,iat_p95,0.025234699825958776
drop_mgmt_phy,rf_per_bssid,RogueAP_35.csv,fc_subtype_13_ratio,0.025120567674010406
drop_mgmt_phy,rf_per_bssid,RogueAP_35.csv,seq_delta_std,0.022787632097597772
drop_mgmt_phy,rf_per_bssid,RogueAP_35.csv,seq_gap_gt1_ratio,0.020997665740651268
drop_mgmt_phy,rf_per_bssid,RogueAP_35.csv,iat_std,0.020232449719240802
drop_mgmt_phy,rf_per_bssid,RogueAP_35.csv,frame_len_range,0.01822091174516372
drop_mgmt_phy,rf_per_bssid,RogueAP_35.csv,seq_negative_delta_ratio,0.016709141528425408
drop_mgmt_phy,rf_per_bssid,RogueAP_35.csv,iat_max,0.016483442074922302
drop_mgmt_phy,xgb_per_bssid,RogueAP_36.csv,fc_type_nunique,0.3595203459262848
drop_mgmt_phy,xgb_per_bssid,RogueAP_36.csv,fc_type_0_ratio,0.118343286216259
drop_mgmt_phy,xgb_per_bssid,RogueAP_36.csv,frame_len_max,0.02575107477605343
drop_mgmt_phy,xgb_per_bssid,RogueAP_36.csv,seq_present_ratio,0.024266144260764122
drop_mgmt_phy,xgb_per_bssid,RogueAP_36.csv,fc_type_1_ratio,0.024025069549679756
drop_mgmt_phy,xgb_per_bssid,RogueAP_36.csv,iat_mean,0.02366950735449791
drop_mgmt_phy,xgb_per_bssid,RogueAP_36.csv,fc_type_2_ratio,0.02266543358564377
drop_mgmt_phy,xgb_per_bssid,RogueAP_36.csv,frame_len_p50,0.021304016932845116
drop_mgmt_phy,xgb_per_bssid,RogueAP_36.csv,fc_subtype_13_ratio,0.020946413278579712
drop_mgmt_phy,xgb_per_bssid,RogueAP_36.csv,iat_p95,0.020066337659955025
drop_mgmt_phy,xgb_per_bssid,RogueAP_36.csv,fc_subtype_8_ratio,0.019444061443209648
drop_mgmt_phy,xgb_per_bssid,RogueAP_36.csv,fc_subtype_0_ratio,0.01834290474653244
drop_mgmt_phy,xgb_per_bssid,RogueAP_36.csv,iat_std,0.017796911299228668
drop_mgmt_phy,xgb_per_bssid,RogueAP_36.csv,ip_proto_present_ratio,0.016352493315935135
drop_mgmt_phy,xgb_per_bssid,RogueAP_36.csv,iat_max,0.01620563678443432
drop_mgmt_phy,rf_per_bssid,RogueAP_36.csv,fc_type_nunique,0.21712208707261677
drop_mgmt_phy,rf_per_bssid,RogueAP_36.csv,fc_type_0_ratio,0.2154732235351151
drop_mgmt_phy,rf_per_bssid,RogueAP_36.csv,fc_type_1_ratio,0.038733124821987194
drop_mgmt_phy,rf_per_bssid,RogueAP_36.csv,seq_present_ratio,0.03612923403643395
drop_mgmt_phy,rf_per_bssid,RogueAP_36.csv,iat_mean,0.03344281905598942
drop_mgmt_phy,rf_per_bssid,RogueAP_36.csv,wlan_duration_min,0.029865380249104047
drop_mgmt_phy,rf_per_bssid,RogueAP_36.csv,fc_subtype_13_ratio,0.027617358494381197
drop_mgmt_phy,rf_per_bssid,RogueAP_36.csv,seq_delta_abs_mean,0.025912848208825813
drop_mgmt_phy,rf_per_bssid,RogueAP_36.csv,iat_p95,0.025376724107221114
drop_mgmt_phy,rf_per_bssid,RogueAP_36.csv,seq_delta_std,0.02169999397357412
drop_mgmt_phy,rf_per_bssid,RogueAP_36.csv,seq_gap_gt1_ratio,0.02119096496216487
drop_mgmt_phy,rf_per_bssid,RogueAP_36.csv,iat_max,0.02045978144942822
drop_mgmt_phy,rf_per_bssid,RogueAP_36.csv,frame_len_range,0.020162346659687094
drop_mgmt_phy,rf_per_bssid,RogueAP_36.csv,iat_std,0.01911822405444076
drop_mgmt_phy,rf_per_bssid,RogueAP_36.csv,fc_ds_00000001_ratio,0.018709964891853052
drop_mgmt_phy,xgb_per_bssid,RogueAP_37.csv,fc_type_nunique,0.35564982891082764
drop_mgmt_phy,xgb_per_bssid,RogueAP_37.csv,fc_type_0_ratio,0.12771275639533997
drop_mgmt_phy,xgb_per_bssid,RogueAP_37.csv,frame_len_max,0.030000928789377213
drop_mgmt_phy,xgb_per_bssid,RogueAP_37.csv,seq_present_ratio,0.027863025665283203
drop_mgmt_phy,xgb_per_bssid,RogueAP_37.csv,fc_type_1_ratio,0.023673294112086296
drop_mgmt_phy,xgb_per_bssid,RogueAP_37.csv,iat_mean,0.023488624021410942
drop_mgmt_phy,xgb_per_bssid,RogueAP_37.csv,fc_subtype_0_ratio,0.023478737100958824
drop_mgmt_phy,xgb_per_bssid,RogueAP_37.csv,iat_p95,0.020182771608233452
drop_mgmt_phy,xgb_per_bssid,RogueAP_37.csv,fc_subtype_13_ratio,0.01959778554737568
drop_mgmt_phy,xgb_per_bssid,RogueAP_37.csv,iat_std,0.01791885495185852
drop_mgmt_phy,xgb_per_bssid,RogueAP_37.csv,llc_present_ratio,0.01693025231361389
drop_mgmt_phy,xgb_per_bssid,RogueAP_37.csv,fc_subtype_8_ratio,0.01656445674598217
drop_mgmt_phy,xgb_per_bssid,RogueAP_37.csv,frame_len_range,0.016405273228883743
drop_mgmt_phy,xgb_per_bssid,RogueAP_37.csv,moredata_ratio,0.016113385558128357
drop_mgmt_phy,xgb_per_bssid,RogueAP_37.csv,ip_proto_present_ratio,0.015370871871709824
drop_mgmt_phy,rf_per_bssid,RogueAP_37.csv,fc_type_0_ratio,0.2069180646354892
drop_mgmt_phy,rf_per_bssid,RogueAP_37.csv,fc_type_nunique,0.20675907645974656
drop_mgmt_phy,rf_per_bssid,RogueAP_37.csv,fc_type_1_ratio,0.04135768107170337
drop_mgmt_phy,rf_per_bssid,RogueAP_37.csv,fc_subtype_13_ratio,0.03578063942276352
drop_mgmt_phy,rf_per_bssid,RogueAP_37.csv,iat_mean,0.03439058369020753
drop_mgmt_phy,rf_per_bssid,RogueAP_37.csv,seq_present_ratio,0.03339096392112496
drop_mgmt_phy,rf_per_bssid,RogueAP_37.csv,wlan_duration_min,0.03259902384667298
drop_mgmt_phy,rf_per_bssid,RogueAP_37.csv,iat_p95,0.02679035813241171
drop_mgmt_phy,rf_per_bssid,RogueAP_37.csv,iat_std,0.02575660948929737
drop_mgmt_phy,rf_per_bssid,RogueAP_37.csv,seq_delta_abs_mean,0.02535321637203387
drop_mgmt_phy,rf_per_bssid,RogueAP_37.csv,seq_gap_gt1_ratio,0.023499703845063412
drop_mgmt_phy,rf_per_bssid,RogueAP_37.csv,frame_len_range,0.022595305810624848
drop_mgmt_phy,rf_per_bssid,RogueAP_37.csv,seq_delta_std,0.022261156623656964
drop_mgmt_phy,rf_per_bssid,RogueAP_37.csv,seq_negative_delta_ratio,0.01744652404773847
drop_mgmt_phy,rf_per_bssid,RogueAP_37.csv,frame_len_max,0.01599262739357294
drop_mgmt_phy,xgb_per_bssid,RogueAP_38.csv,fc_type_nunique,0.35038888454437256
drop_mgmt_phy,xgb_per_bssid,RogueAP_38.csv,fc_type_0_ratio,0.1347852498292923
drop_mgmt_phy,xgb_per_bssid,RogueAP_38.csv,frame_len_max,0.029526108875870705
drop_mgmt_phy,xgb_per_bssid,RogueAP_38.csv,seq_present_ratio,0.026236005127429962
drop_mgmt_phy,xgb_per_bssid,RogueAP_38.csv,fc_subtype_0_ratio,0.024541683495044708
drop_mgmt_phy,xgb_per_bssid,RogueAP_38.csv,fc_type_1_ratio,0.024333711713552475
drop_mgmt_phy,xgb_per_bssid,RogueAP_38.csv,fc_subtype_13_ratio,0.023219462484121323
drop_mgmt_phy,xgb_per_bssid,RogueAP_38.csv,iat_p95,0.022500595077872276
drop_mgmt_phy,xgb_per_bssid,RogueAP_38.csv,iat_std,0.0209041740745306
drop_mgmt_phy,xgb_per_bssid,RogueAP_38.csv,iat_mean,0.02044627070426941
drop_mgmt_phy,xgb_per_bssid,RogueAP_38.csv,fc_subtype_8_ratio,0.017023809254169464
drop_mgmt_phy,xgb_per_bssid,RogueAP_38.csv,fc_ds_00000001_ratio,0.015314283780753613
drop_mgmt_phy,xgb_per_bssid,RogueAP_38.csv,ip_proto_present_ratio,0.014753449708223343
drop_mgmt_phy,xgb_per_bssid,RogueAP_38.csv,frame_len_p50,0.014462157152593136
drop_mgmt_phy,xgb_per_bssid,RogueAP_38.csv,fc_subtype_nunique,0.012272099032998085
drop_mgmt_phy,rf_per_bssid,RogueAP_38.csv,fc_type_0_ratio,0.2166865567088974
drop_mgmt_phy,rf_per_bssid,RogueAP_38.csv,fc_type_nunique,0.2050775618687577
drop_mgmt_phy,rf_per_bssid,RogueAP_38.csv,seq_present_ratio,0.037571468835515105
drop_mgmt_phy,rf_per_bssid,RogueAP_38.csv,fc_type_1_ratio,0.0375309909597839
drop_mgmt_phy,rf_per_bssid,RogueAP_38.csv,wlan_duration_min,0.0337196440737584
drop_mgmt_phy,rf_per_bssid,RogueAP_38.csv,fc_subtype_13_ratio,0.03014980588216077
drop_mgmt_phy,rf_per_bssid,RogueAP_38.csv,iat_mean,0.02838328376422487
drop_mgmt_phy,rf_per_bssid,RogueAP_38.csv,seq_delta_abs_mean,0.026890835664301223
drop_mgmt_phy,rf_per_bssid,RogueAP_38.csv,iat_p95,0.026005930352859086
drop_mgmt_phy,rf_per_bssid,RogueAP_38.csv,frame_len_range,0.0229762825812209
drop_mgmt_phy,rf_per_bssid,RogueAP_38.csv,seq_gap_gt1_ratio,0.021922376659064196
drop_mgmt_phy,rf_per_bssid,RogueAP_38.csv,seq_delta_std,0.02061842816814457
drop_mgmt_phy,rf_per_bssid,RogueAP_38.csv,fc_ds_00000001_ratio,0.01898944659224439
drop_mgmt_phy,rf_per_bssid,RogueAP_38.csv,iat_std,0.01837017926903528
drop_mgmt_phy,rf_per_bssid,RogueAP_38.csv,seq_negative_delta_ratio,0.017054223185530498
drop_mgmt_phy,xgb_per_bssid,RogueAP_39.csv,fc_type_nunique,0.35038888454437256
drop_mgmt_phy,xgb_per_bssid,RogueAP_39.csv,fc_type_0_ratio,0.1347852498292923
drop_mgmt_phy,xgb_per_bssid,RogueAP_39.csv,frame_len_max,0.029526108875870705
drop_mgmt_phy,xgb_per_bssid,RogueAP_39.csv,seq_present_ratio,0.026236005127429962
drop_mgmt_phy,xgb_per_bssid,RogueAP_39.csv,fc_subtype_0_ratio,0.024541683495044708
drop_mgmt_phy,xgb_per_bssid,RogueAP_39.csv,fc_type_1_ratio,0.024333711713552475
drop_mgmt_phy,xgb_per_bssid,RogueAP_39.csv,fc_subtype_13_ratio,0.023219462484121323
drop_mgmt_phy,xgb_per_bssid,RogueAP_39.csv,iat_p95,0.022500595077872276
drop_mgmt_phy,xgb_per_bssid,RogueAP_39.csv,iat_std,0.0209041740745306
drop_mgmt_phy,xgb_per_bssid,RogueAP_39.csv,iat_mean,0.02044627070426941
drop_mgmt_phy,xgb_per_bssid,RogueAP_39.csv,fc_subtype_8_ratio,0.017023809254169464
drop_mgmt_phy,xgb_per_bssid,RogueAP_39.csv,fc_ds_00000001_ratio,0.015314283780753613
drop_mgmt_phy,xgb_per_bssid,RogueAP_39.csv,ip_proto_present_ratio,0.014753449708223343
drop_mgmt_phy,xgb_per_bssid,RogueAP_39.csv,frame_len_p50,0.014462157152593136
drop_mgmt_phy,xgb_per_bssid,RogueAP_39.csv,fc_subtype_nunique,0.012272099032998085
drop_mgmt_phy,rf_per_bssid,RogueAP_39.csv,fc_type_0_ratio,0.2166865567088974
drop_mgmt_phy,rf_per_bssid,RogueAP_39.csv,fc_type_nunique,0.2050775618687577
drop_mgmt_phy,rf_per_bssid,RogueAP_39.csv,seq_present_ratio,0.037571468835515105
drop_mgmt_phy,rf_per_bssid,RogueAP_39.csv,fc_type_1_ratio,0.0375309909597839
drop_mgmt_phy,rf_per_bssid,RogueAP_39.csv,wlan_duration_min,0.0337196440737584
drop_mgmt_phy,rf_per_bssid,RogueAP_39.csv,fc_subtype_13_ratio,0.03014980588216077
drop_mgmt_phy,rf_per_bssid,RogueAP_39.csv,iat_mean,0.02838328376422487
drop_mgmt_phy,rf_per_bssid,RogueAP_39.csv,seq_delta_abs_mean,0.026890835664301223
drop_mgmt_phy,rf_per_bssid,RogueAP_39.csv,iat_p95,0.026005930352859086
drop_mgmt_phy,rf_per_bssid,RogueAP_39.csv,frame_len_range,0.0229762825812209
drop_mgmt_phy,rf_per_bssid,RogueAP_39.csv,seq_gap_gt1_ratio,0.021922376659064196
drop_mgmt_phy,rf_per_bssid,RogueAP_39.csv,seq_delta_std,0.02061842816814457
drop_mgmt_phy,rf_per_bssid,RogueAP_39.csv,fc_ds_00000001_ratio,0.01898944659224439
drop_mgmt_phy,rf_per_bssid,RogueAP_39.csv,iat_std,0.01837017926903528
drop_mgmt_phy,rf_per_bssid,RogueAP_39.csv,seq_negative_delta_ratio,0.017054223185530498
drop_mgmt_phy_timing_seq,xgb_per_bssid,RogueAP_23.csv,fc_type_nunique,0.36879128217697144
drop_mgmt_phy_timing_seq,xgb_per_bssid,RogueAP_23.csv,fc_type_0_ratio,0.17964370548725128
drop_mgmt_phy_timing_seq,xgb_per_bssid,RogueAP_23.csv,fc_ds_00000000_ratio,0.034017980098724365
drop_mgmt_phy_timing_seq,xgb_per_bssid,RogueAP_23.csv,frame_len_max,0.031107479706406593
drop_mgmt_phy_timing_seq,xgb_per_bssid,RogueAP_23.csv,fc_type_1_ratio,0.025700129568576813
drop_mgmt_phy_timing_seq,xgb_per_bssid,RogueAP_23.csv,ip_proto_present_ratio,0.024230189621448517
drop_mgmt_phy_timing_seq,xgb_per_bssid,RogueAP_23.csv,fc_ds_00000001_ratio,0.023669036105275154
drop_mgmt_phy_timing_seq,xgb_per_bssid,RogueAP_23.csv,retry_ratio,0.016384124755859375
drop_mgmt_phy_timing_seq,xgb_per_bssid,RogueAP_23.csv,frame_len_range,0.015756452456116676
drop_mgmt_phy_timing_seq,xgb_per_bssid,RogueAP_23.csv,fc_subtype_13_ratio,0.014650746248662472
drop_mgmt_phy_timing_seq,xgb_per_bssid,RogueAP_23.csv,fc_subtype_11_ratio,0.01401364803314209
drop_mgmt_phy_timing_seq,xgb_per_bssid,RogueAP_23.csv,fc_subtype_0_ratio,0.01384342834353447
drop_mgmt_phy_timing_seq,xgb_per_bssid,RogueAP_23.csv,frame_len_p50,0.01362961158156395
drop_mgmt_phy_timing_seq,xgb_per_bssid,RogueAP_23.csv,tcp_syn_present_ratio,0.012881205417215824
drop_mgmt_phy_timing_seq,xgb_per_bssid,RogueAP_23.csv,fc_ds_00000002_ratio,0.0125898327678442
drop_mgmt_phy_timing_seq,rf_per_bssid,RogueAP_23.csv,fc_type_nunique,0.2699016470706153
drop_mgmt_phy_timing_seq,rf_per_bssid,RogueAP_23.csv,fc_type_0_ratio,0.23106194622312096
drop_mgmt_phy_timing_seq,rf_per_bssid,RogueAP_23.csv,fc_type_1_ratio,0.05523052943401293
drop_mgmt_phy_timing_seq,rf_per_bssid,RogueAP_23.csv,wlan_duration_min,0.04484565205236011
drop_mgmt_phy_timing_seq,rf_per_bssid,RogueAP_23.csv,frame_len_max,0.03787592127369521
drop_mgmt_phy_timing_seq,rf_per_bssid,RogueAP_23.csv,fc_subtype_13_ratio,0.02868233277947532
drop_mgmt_phy_timing_seq,rf_per_bssid,RogueAP_23.csv,frame_len_range,0.025013362216485563
drop_mgmt_phy_timing_seq,rf_per_bssid,RogueAP_23.csv,fc_ds_00000001_ratio,0.02159426546288945
drop_mgmt_phy_timing_seq,rf_per_bssid,RogueAP_23.csv,fc_subtype_11_ratio,0.02104924369745559
drop_mgmt_phy_timing_seq,rf_per_bssid,RogueAP_23.csv,wlan_duration_p50,0.020384799332515694
drop_mgmt_phy_timing_seq,rf_per_bssid,RogueAP_23.csv,fc_ds_00000000_ratio,0.016808904939151107
drop_mgmt_phy_timing_seq,rf_per_bssid,RogueAP_23.csv,fc_type_2_ratio,0.016763851339991396
drop_mgmt_phy_timing_seq,rf_per_bssid,RogueAP_23.csv,retry_ratio,0.0160331496310823
drop_mgmt_phy_timing_seq,rf_per_bssid,RogueAP_23.csv,frame_len_std,0.01596704807241267
drop_mgmt_phy_timing_seq,rf_per_bssid,RogueAP_23.csv,fc_subtype_8_ratio,0.01521759155258376
drop_mgmt_phy_timing_seq,xgb_per_bssid,RogueAP_24.csv,fc_type_nunique,0.35949355363845825
drop_mgmt_phy_timing_seq,xgb_per_bssid,RogueAP_24.csv,fc_type_0_ratio,0.16645459830760956
drop_mgmt_phy_timing_seq,xgb_per_bssid,RogueAP_24.csv,tcp_ack_present_ratio,0.028492696583271027
drop_mgmt_phy_timing_seq,xgb_per_bssid,RogueAP_24.csv,ip_proto_present_ratio,0.027898825705051422
drop_mgmt_phy_timing_seq,xgb_per_bssid,RogueAP_24.csv,fc_type_1_ratio,0.02598857320845127
drop_mgmt_phy_timing_seq,xgb_per_bssid,RogueAP_24.csv,frame_len_max,0.02301775850355625
drop_mgmt_phy_timing_seq,xgb_per_bssid,RogueAP_24.csv,fc_ds_00000000_ratio,0.02185738831758499
drop_mgmt_phy_timing_seq,xgb_per_bssid,RogueAP_24.csv,fc_ds_00000001_ratio,0.01982935704290867
drop_mgmt_phy_timing_seq,xgb_per_bssid,RogueAP_24.csv,frame_len_range,0.017647720873355865
drop_mgmt_phy_timing_seq,xgb_per_bssid,RogueAP_24.csv,tcp_syn_present_ratio,0.017301416024565697
drop_mgmt_phy_timing_seq,xgb_per_bssid,RogueAP_24.csv,frame_len_p25,0.01551846694201231
drop_mgmt_phy_timing_seq,xgb_per_bssid,RogueAP_24.csv,fc_subtype_0_ratio,0.01463171374052763
drop_mgmt_phy_timing_seq,xgb_per_bssid,RogueAP_24.csv,frame_len_p50,0.014515821821987629
drop_mgmt_phy_timing_seq,xgb_per_bssid,RogueAP_24.csv,llc_present_ratio,0.01368933916091919
drop_mgmt_phy_timing_seq,xgb_per_bssid,RogueAP_24.csv,retry_ratio,0.013187652453780174
drop_mgmt_phy_timing_seq,rf_per_bssid,RogueAP_24.csv,fc_type_nunique,0.26225003510879086
drop_mgmt_phy_timing_seq,rf_per_bssid,RogueAP_24.csv,fc_type_0_ratio,0.2196539728443262
drop_mgmt_phy_timing_seq,rf_per_bssid,RogueAP_24.csv,fc_type_1_ratio,0.055221264519869445
drop_mgmt_phy_timing_seq,rf_per_bssid,RogueAP_24.csv,wlan_duration_min,0.05142479849545773
drop_mgmt_phy_timing_seq,rf_per_bssid,RogueAP_24.csv,fc_subtype_13_ratio,0.0349589438129829
drop_mgmt_phy_timing_seq,rf_per_bssid,RogueAP_24.csv,frame_len_max,0.03205674210399748
drop_mgmt_phy_timing_seq,rf_per_bssid,RogueAP_24.csv,frame_len_range,0.02363533394969355
drop_mgmt_phy_timing_seq,rf_per_bssid,RogueAP_24.csv,fc_ds_00000001_ratio,0.023584808675034482
drop_mgmt_phy_timing_seq,rf_per_bssid,RogueAP_24.csv,fc_subtype_11_ratio,0.022535234107704305
drop_mgmt_phy_timing_seq,rf_per_bssid,RogueAP_24.csv,wlan_duration_p50,0.02223188591101675
drop_mgmt_phy_timing_seq,rf_per_bssid,RogueAP_24.csv,retry_ratio,0.01976760828449499
drop_mgmt_phy_timing_seq,rf_per_bssid,RogueAP_24.csv,frame_len_std,0.017296054294278017
drop_mgmt_phy_timing_seq,rf_per_bssid,RogueAP_24.csv,fc_type_2_ratio,0.01583923374886628
drop_mgmt_phy_timing_seq,rf_per_bssid,RogueAP_24.csv,fc_ds_00000000_ratio,0.015289826102955411
drop_mgmt_phy_timing_seq,rf_per_bssid,RogueAP_24.csv,frame_len_mean,0.014283310875528536
drop_mgmt_phy_timing_seq,xgb_per_bssid,RogueAP_25.csv,fc_type_nunique,0.3719157576560974
drop_mgmt_phy_timing_seq,xgb_per_bssid,RogueAP_25.csv,fc_type_0_ratio,0.17878322303295135
drop_mgmt_phy_timing_seq,xgb_per_bssid,RogueAP_25.csv,frame_len_p25,0.026813555508852005
drop_mgmt_phy_timing_seq,xgb_per_bssid,RogueAP_25.csv,frame_len_max,0.026654379442334175
drop_mgmt_phy_timing_seq,xgb_per_bssid,RogueAP_25.csv,fc_type_1_ratio,0.02448054775595665
drop_mgmt_phy_timing_seq,xgb_per_bssid,RogueAP_25.csv,fc_ds_00000000_ratio,0.01978251524269581
drop_mgmt_phy_timing_seq,xgb_per_bssid,RogueAP_25.csv,tcp_syn_present_ratio,0.0192720964550972
drop_mgmt_phy_timing_seq,xgb_per_bssid,RogueAP_25.csv,frame_len_range,0.017069745808839798
drop_mgmt_phy_timing_seq,xgb_per_bssid,RogueAP_25.csv,retry_ratio,0.01663396880030632
drop_mgmt_phy_timing_seq,xgb_per_bssid,RogueAP_25.csv,fc_ds_00000001_ratio,0.01606394164264202
drop_mgmt_phy_timing_seq,xgb_per_bssid,RogueAP_25.csv,fc_type_2_ratio,0.014348628930747509
drop_mgmt_phy_timing_seq,xgb_per_bssid,RogueAP_25.csv,fc_subtype_13_ratio,0.013982051983475685
drop_mgmt_phy_timing_seq,xgb_per_bssid,RogueAP_25.csv,moredata_ratio,0.013877606950700283
drop_mgmt_phy_timing_seq,xgb_per_bssid,RogueAP_25.csv,ip_proto_present_ratio,0.013258817605674267
drop_mgmt_phy_timing_seq,xgb_per_bssid,RogueAP_25.csv,fc_subtype_0_ratio,0.0129379378631711
drop_mgmt_phy_timing_seq,rf_per_bssid,RogueAP_25.csv,fc_type_nunique,0.26671880239528994
drop_mgmt_phy_timing_seq,rf_per_bssid,RogueAP_25.csv,fc_type_0_ratio,0.23015314937152456
drop_mgmt_phy_timing_seq,rf_per_bssid,RogueAP_25.csv,fc_type_1_ratio,0.0569380287172213
drop_mgmt_phy_timing_seq,rf_per_bssid,RogueAP_25.csv,wlan_duration_min,0.04657456976091201
drop_mgmt_phy_timing_seq,rf_per_bssid,RogueAP_25.csv,frame_len_max,0.036337732964063174
drop_mgmt_phy_timing_seq,rf_per_bssid,RogueAP_25.csv,fc_subtype_13_ratio,0.03185834240791291
drop_mgmt_phy_timing_seq,rf_per_bssid,RogueAP_25.csv,frame_len_range,0.026590709226515196
drop_mgmt_phy_timing_seq,rf_per_bssid,RogueAP_25.csv,wlan_duration_p50,0.02278067541932969
drop_mgmt_phy_timing_seq,rf_per_bssid,RogueAP_25.csv,fc_ds_00000001_ratio,0.021877817550457677
drop_mgmt_phy_timing_seq,rf_per_bssid,RogueAP_25.csv,fc_subtype_11_ratio,0.021202205665837068
drop_mgmt_phy_timing_seq,rf_per_bssid,RogueAP_25.csv,retry_ratio,0.018782926432518453
drop_mgmt_phy_timing_seq,rf_per_bssid,RogueAP_25.csv,fc_ds_00000000_ratio,0.017597402453023415
drop_mgmt_phy_timing_seq,rf_per_bssid,RogueAP_25.csv,frame_len_std,0.01726724498111383
drop_mgmt_phy_timing_seq,rf_per_bssid,RogueAP_25.csv,fc_type_2_ratio,0.016323824360170092
drop_mgmt_phy_timing_seq,rf_per_bssid,RogueAP_25.csv,frame_len_mean,0.013358775341784623
drop_mgmt_phy_timing_seq,xgb_per_bssid,RogueAP_26.csv,fc_type_nunique,0.3726256787776947
drop_mgmt_phy_timing_seq,xgb_per_bssid,RogueAP_26.csv,fc_type_0_ratio,0.18758951127529144
drop_mgmt_phy_timing_seq,xgb_per_bssid,RogueAP_26.csv,frame_len_max,0.026315322145819664
drop_mgmt_phy_timing_seq,xgb_per_bssid,RogueAP_26.csv,fc_type_1_ratio,0.025372395291924477
drop_mgmt_phy_timing_seq,xgb_per_bssid,RogueAP_26.csv,fc_ds_00000000_ratio,0.0239345021545887
drop_mgmt_phy_timing_seq,xgb_per_bssid,RogueAP_26.csv,fc_ds_00000001_ratio,0.019747553393244743
drop_mgmt_phy_timing_seq,xgb_per_bssid,RogueAP_26.csv,ip_proto_present_ratio,0.01771901547908783
drop_mgmt_phy_timing_seq,xgb_per_bssid,RogueAP_26.csv,frame_len_range,0.016078725457191467
drop_mgmt_phy_timing_seq,xgb_per_bssid,RogueAP_26.csv,fc_subtype_0_ratio,0.014735488221049309
drop_mgmt_phy_timing_seq,xgb_per_bssid,RogueAP_26.csv,fc_subtype_13_ratio,0.014131377451121807
drop_mgmt_phy_timing_seq,xgb_per_bssid,RogueAP_26.csv,retry_ratio,0.013856284320354462
drop_mgmt_phy_timing_seq,xgb_per_bssid,RogueAP_26.csv,tcp_syn_present_ratio,0.013819841668009758
drop_mgmt_phy_timing_seq,xgb_per_bssid,RogueAP_26.csv,wlan_duration_p75,0.013606306165456772
drop_mgmt_phy_timing_seq,xgb_per_bssid,RogueAP_26.csv,udp_length_present_ratio,0.013110006228089333
drop_mgmt_phy_timing_seq,xgb_per_bssid,RogueAP_26.csv,wlan_duration_max,0.013085423037409782
drop_mgmt_phy_timing_seq,rf_per_bssid,RogueAP_26.csv,fc_type_nunique,0.25564797745676987
drop_mgmt_phy_timing_seq,rf_per_bssid,RogueAP_26.csv,fc_type_0_ratio,0.23859663307665915
drop_mgmt_phy_timing_seq,rf_per_bssid,RogueAP_26.csv,fc_type_1_ratio,0.055123460684504806
drop_mgmt_phy_timing_seq,rf_per_bssid,RogueAP_26.csv,wlan_duration_min,0.05265243730166781
drop_mgmt_phy_timing_seq,rf_per_bssid,RogueAP_26.csv,frame_len_max,0.034891348169270926
drop_mgmt_phy_timing_seq,rf_per_bssid,RogueAP_26.csv,fc_subtype_13_ratio,0.030744371687425536
drop_mgmt_phy_timing_seq,rf_per_bssid,RogueAP_26.csv,frame_len_range,0.02551042596585755
drop_mgmt_phy_timing_seq,rf_per_bssid,RogueAP_26.csv,fc_subtype_11_ratio,0.021593575981229206
drop_mgmt_phy_timing_seq,rf_per_bssid,RogueAP_26.csv,wlan_duration_p50,0.021579043039198536
drop_mgmt_phy_timing_seq,rf_per_bssid,RogueAP_26.csv,fc_ds_00000001_ratio,0.021185536828782704
drop_mgmt_phy_timing_seq,rf_per_bssid,RogueAP_26.csv,retry_ratio,0.017619439875025025
drop_mgmt_phy_timing_seq,rf_per_bssid,RogueAP_26.csv,fc_ds_00000000_ratio,0.017344780694577844
drop_mgmt_phy_timing_seq,rf_per_bssid,RogueAP_26.csv,frame_len_std,0.016651235101989795
drop_mgmt_phy_timing_seq,rf_per_bssid,RogueAP_26.csv,fc_type_2_ratio,0.014710415805838902
drop_mgmt_phy_timing_seq,rf_per_bssid,RogueAP_26.csv,frame_len_p75,0.013932631743343997
drop_mgmt_phy_timing_seq,xgb_per_bssid,RogueAP_27.csv,fc_type_nunique,0.3683016896247864
drop_mgmt_phy_timing_seq,xgb_per_bssid,RogueAP_27.csv,fc_type_0_ratio,0.17673549056053162
drop_mgmt_phy_timing_seq,xgb_per_bssid,RogueAP_27.csv,frame_len_max,0.032423585653305054
drop_mgmt_phy_timing_seq,xgb_per_bssid,RogueAP_27.csv,ip_proto_present_ratio,0.02693462185561657
drop_mgmt_phy_timing_seq,xgb_per_bssid,RogueAP_27.csv,fc_ds_00000000_ratio,0.02651788294315338
drop_mgmt_phy_timing_seq,xgb_per_bssid,RogueAP_27.csv,fc_type_1_ratio,0.02538268081843853
drop_mgmt_phy_timing_seq,xgb_per_bssid,RogueAP_27.csv,fc_subtype_0_ratio,0.020606597885489464
drop_mgmt_phy_timing_seq,xgb_per_bssid,RogueAP_27.csv,fc_ds_00000001_ratio,0.02051522769033909
drop_mgmt_phy_timing_seq,xgb_per_bssid,RogueAP_27.csv,frame_len_range,0.016941875219345093
drop_mgmt_phy_timing_seq,xgb_per_bssid,RogueAP_27.csv,tcp_syn_present_ratio,0.01559805404394865
drop_mgmt_phy_timing_seq,xgb_per_bssid,RogueAP_27.csv,fc_subtype_13_ratio,0.014883988536894321
drop_mgmt_phy_timing_seq,xgb_per_bssid,RogueAP_27.csv,wlan_duration_p50,0.0141611872240901
drop_mgmt_phy_timing_seq,xgb_per_bssid,RogueAP_27.csv,protected_ratio,0.013872445560991764
drop_mgmt_phy_timing_seq,xgb_per_bssid,RogueAP_27.csv,fc_type_2_ratio,0.013324582017958164
drop_mgmt_phy_timing_seq,xgb_per_bssid,RogueAP_27.csv,retry_ratio,0.012960333377122879
drop_mgmt_phy_timing_seq,rf_per_bssid,RogueAP_27.csv,fc_type_0_ratio,0.2536854920634285
drop_mgmt_phy_timing_seq,rf_per_bssid,RogueAP_27.csv,fc_type_nunique,0.24792922829125788
drop_mgmt_phy_timing_seq,rf_per_bssid,RogueAP_27.csv,fc_type_1_ratio,0.05841175288858948
drop_mgmt_phy_timing_seq,rf_per_bssid,RogueAP_27.csv,wlan_duration_min,0.04130009283281491
drop_mgmt_phy_timing_seq,rf_per_bssid,RogueAP_27.csv,frame_len_max,0.032796642953201574
drop_mgmt_phy_timing_seq,rf_per_bssid,RogueAP_27.csv,fc_subtype_13_ratio,0.030920492968588554
drop_mgmt_phy_timing_seq,rf_per_bssid,RogueAP_27.csv,wlan_duration_p50,0.02447357477469126
drop_mgmt_phy_timing_seq,rf_per_bssid,RogueAP_27.csv,frame_len_range,0.023353229667204146
drop_mgmt_phy_timing_seq,rf_per_bssid,RogueAP_27.csv,fc_subtype_11_ratio,0.022045059930783692
drop_mgmt_phy_timing_seq,rf_per_bssid,RogueAP_27.csv,fc_ds_00000001_ratio,0.022008064571965358
drop_mgmt_phy_timing_seq,rf_per_bssid,RogueAP_27.csv,retry_ratio,0.018490266751670006
drop_mgmt_phy_timing_seq,rf_per_bssid,RogueAP_27.csv,frame_len_std,0.01732729547108174
drop_mgmt_phy_timing_seq,rf_per_bssid,RogueAP_27.csv,fc_ds_00000000_ratio,0.016389457007641897
drop_mgmt_phy_timing_seq,rf_per_bssid,RogueAP_27.csv,frame_len_p75,0.014674988631837632
drop_mgmt_phy_timing_seq,rf_per_bssid,RogueAP_27.csv,frame_len_mean,0.013738033841943737
drop_mgmt_phy_timing_seq,xgb_per_bssid,RogueAP_28.csv,fc_type_nunique,0.33507591485977173
drop_mgmt_phy_timing_seq,xgb_per_bssid,RogueAP_28.csv,fc_type_0_ratio,0.21772895753383636
drop_mgmt_phy_timing_seq,xgb_per_bssid,RogueAP_28.csv,frame_len_max,0.026383692398667336
drop_mgmt_phy_timing_seq,xgb_per_bssid,RogueAP_28.csv,fc_ds_00000000_ratio,0.024445343762636185
drop_mgmt_phy_timing_seq,xgb_per_bssid,RogueAP_28.csv,fc_type_1_ratio,0.023757347837090492
drop_mgmt_phy_timing_seq,xgb_per_bssid,RogueAP_28.csv,ip_proto_present_ratio,0.01988532952964306
drop_mgmt_phy_timing_seq,xgb_per_bssid,RogueAP_28.csv,tcp_ack_present_ratio,0.019592292606830597
drop_mgmt_phy_timing_seq,xgb_per_bssid,RogueAP_28.csv,llc_present_ratio,0.017335575073957443
drop_mgmt_phy_timing_seq,xgb_per_bssid,RogueAP_28.csv,fc_ds_00000001_ratio,0.01661442220211029
drop_mgmt_phy_timing_seq,xgb_per_bssid,RogueAP_28.csv,fc_subtype_13_ratio,0.015049885958433151
drop_mgmt_phy_timing_seq,xgb_per_bssid,RogueAP_28.csv,fc_subtype_0_ratio,0.013442760333418846
drop_mgmt_phy_timing_seq,xgb_per_bssid,RogueAP_28.csv,udp_length_present_ratio,0.013374466449022293
drop_mgmt_phy_timing_seq,xgb_per_bssid,RogueAP_28.csv,retry_ratio,0.013044917955994606
drop_mgmt_phy_timing_seq,xgb_per_bssid,RogueAP_28.csv,wlan_duration_p50,0.012910876423120499
drop_mgmt_phy_timing_seq,xgb_per_bssid,RogueAP_28.csv,llc_ratio,0.012648538686335087
drop_mgmt_phy_timing_seq,rf_per_bssid,RogueAP_28.csv,fc_type_nunique,0.25801137313976913
drop_mgmt_phy_timing_seq,rf_per_bssid,RogueAP_28.csv,fc_type_0_ratio,0.21993647528467944
drop_mgmt_phy_timing_seq,rf_per_bssid,RogueAP_28.csv,fc_type_1_ratio,0.057828997435438706
drop_mgmt_phy_timing_seq,rf_per_bssid,RogueAP_28.csv,wlan_duration_min,0.04787870743331925
drop_mgmt_phy_timing_seq,rf_per_bssid,RogueAP_28.csv,fc_subtype_13_ratio,0.03442043747152546
drop_mgmt_phy_timing_seq,rf_per_bssid,RogueAP_28.csv,frame_len_max,0.03037924512345996
drop_mgmt_phy_timing_seq,rf_per_bssid,RogueAP_28.csv,wlan_duration_p50,0.030334053885682916
drop_mgmt_phy_timing_seq,rf_per_bssid,RogueAP_28.csv,retry_ratio,0.02435072186230947
drop_mgmt_phy_timing_seq,rf_per_bssid,RogueAP_28.csv,fc_subtype_11_ratio,0.023767117710921465
drop_mgmt_phy_timing_seq,rf_per_bssid,RogueAP_28.csv,fc_ds_00000001_ratio,0.023675146396906547
drop_mgmt_phy_timing_seq,rf_per_bssid,RogueAP_28.csv,frame_len_range,0.022712721834344484
drop_mgmt_phy_timing_seq,rf_per_bssid,RogueAP_28.csv,frame_len_std,0.016571179089703337
drop_mgmt_phy_timing_seq,rf_per_bssid,RogueAP_28.csv,fc_type_2_ratio,0.015817045339318093
drop_mgmt_phy_timing_seq,rf_per_bssid,RogueAP_28.csv,fc_ds_00000000_ratio,0.015227866171209282
drop_mgmt_phy_timing_seq,rf_per_bssid,RogueAP_28.csv,frame_len_p75,0.013882952959831158
drop_mgmt_phy_timing_seq,xgb_per_bssid,RogueAP_29.csv,fc_type_nunique,0.3676553964614868
drop_mgmt_phy_timing_seq,xgb_per_bssid,RogueAP_29.csv,fc_type_0_ratio,0.15788611769676208
drop_mgmt_phy_timing_seq,xgb_per_bssid,RogueAP_29.csv,fc_ds_00000000_ratio,0.028857318684458733
drop_mgmt_phy_timing_seq,xgb_per_bssid,RogueAP_29.csv,fc_type_2_ratio,0.027839340269565582
drop_mgmt_phy_timing_seq,xgb_per_bssid,RogueAP_29.csv,fc_type_1_ratio,0.026229821145534515
drop_mgmt_phy_timing_seq,xgb_per_bssid,RogueAP_29.csv,frame_len_max,0.02566671371459961
drop_mgmt_phy_timing_seq,xgb_per_bssid,RogueAP_29.csv,ip_proto_present_ratio,0.022170016542077065
drop_mgmt_phy_timing_seq,xgb_per_bssid,RogueAP_29.csv,fc_subtype_0_ratio,0.018151700496673584
drop_mgmt_phy_timing_seq,xgb_per_bssid,RogueAP_29.csv,fc_subtype_13_ratio,0.015371696092188358
drop_mgmt_phy_timing_seq,xgb_per_bssid,RogueAP_29.csv,fc_ds_00000001_ratio,0.01453553419560194
drop_mgmt_phy_timing_seq,xgb_per_bssid,RogueAP_29.csv,frame_len_range,0.014519620686769485
drop_mgmt_phy_timing_seq,xgb_per_bssid,RogueAP_29.csv,retry_ratio,0.014044269919395447
drop_mgmt_phy_timing_seq,xgb_per_bssid,RogueAP_29.csv,udp_length_present_ratio,0.013082454912364483
drop_mgmt_phy_timing_seq,xgb_per_bssid,RogueAP_29.csv,fc_subtype_12_ratio,0.0128339733928442
drop_mgmt_phy_timing_seq,xgb_per_bssid,RogueAP_29.csv,fc_subtype_nunique,0.012540210969746113
drop_mgmt_phy_timing_seq,rf_per_bssid,RogueAP_29.csv,fc_type_nunique,0.2756843801835854
drop_mgmt_phy_timing_seq,rf_per_bssid,RogueAP_29.csv,fc_type_0_ratio,0.22807170834774074
drop_mgmt_phy_timing_seq,rf_per_bssid,RogueAP_29.csv,fc_type_1_ratio,0.05809868526873125
drop_mgmt_phy_timing_seq,rf_per_bssid,RogueAP_29.csv,wlan_duration_min,0.0500362473072164
drop_mgmt_phy_timing_seq,rf_per_bssid,RogueAP_29.csv,frame_len_max,0.027960116619215034
drop_mgmt_phy_timing_seq,rf_per_bssid,RogueAP_29.csv,retry_ratio,0.02774296093393453
drop_mgmt_phy_timing_seq,rf_per_bssid,RogueAP_29.csv,fc_subtype_11_ratio,0.024194413428061664
drop_mgmt_phy_timing_seq,rf_per_bssid,RogueAP_29.csv,fc_subtype_13_ratio,0.02168467804281052
drop_mgmt_phy_timing_seq,rf_per_bssid,RogueAP_29.csv,wlan_duration_p50,0.021528641324382706
drop_mgmt_phy_timing_seq,rf_per_bssid,RogueAP_29.csv,frame_len_range,0.019554137942863672
drop_mgmt_phy_timing_seq,rf_per_bssid,RogueAP_29.csv,fc_ds_00000001_ratio,0.018516703700426723
drop_mgmt_phy_timing_seq,rf_per_bssid,RogueAP_29.csv,fc_ds_00000000_ratio,0.017673353258555336
drop_mgmt_phy_timing_seq,rf_per_bssid,RogueAP_29.csv,frame_len_std,0.016557442838557927
drop_mgmt_phy_timing_seq,rf_per_bssid,RogueAP_29.csv,fc_type_2_ratio,0.015743214411386826
drop_mgmt_phy_timing_seq,rf_per_bssid,RogueAP_29.csv,frame_len_p75,0.01491936231892966
drop_mgmt_phy_timing_seq,xgb_per_bssid,RogueAP_30.csv,fc_type_nunique,0.36393994092941284
drop_mgmt_phy_timing_seq,xgb_per_bssid,RogueAP_30.csv,fc_type_0_ratio,0.18869882822036743
drop_mgmt_phy_timing_seq,xgb_per_bssid,RogueAP_30.csv,tcp_ack_present_ratio,0.03224121406674385
drop_mgmt_phy_timing_seq,xgb_per_bssid,RogueAP_30.csv,ip_proto_present_ratio,0.024509677663445473
drop_mgmt_phy_timing_seq,xgb_per_bssid,RogueAP_30.csv,fc_type_1_ratio,0.02448408491909504
drop_mgmt_phy_timing_seq,xgb_per_bssid,RogueAP_30.csv,frame_len_max,0.02348143421113491
drop_mgmt_phy_timing_seq,xgb_per_bssid,RogueAP_30.csv,fc_ds_00000000_ratio,0.023214153945446014
drop_mgmt_phy_timing_seq,xgb_per_bssid,RogueAP_30.csv,fc_ds_00000001_ratio,0.018180252984166145
drop_mgmt_phy_timing_seq,xgb_per_bssid,RogueAP_30.csv,frame_len_range,0.016849718987941742
drop_mgmt_phy_timing_seq,xgb_per_bssid,RogueAP_30.csv,retry_ratio,0.014878437854349613
drop_mgmt_phy_timing_seq,xgb_per_bssid,RogueAP_30.csv,fc_subtype_nunique,0.01394056435674429
drop_mgmt_phy_timing_seq,xgb_per_bssid,RogueAP_30.csv,fc_subtype_13_ratio,0.013164053671061993
drop_mgmt_phy_timing_seq,xgb_per_bssid,RogueAP_30.csv,fc_subtype_11_ratio,0.013095171190798283
drop_mgmt_phy_timing_seq,xgb_per_bssid,RogueAP_30.csv,fc_subtype_0_ratio,0.013093322515487671
drop_mgmt_phy_timing_seq,xgb_per_bssid,RogueAP_30.csv,udp_length_present_ratio,0.012743677012622356
drop_mgmt_phy_timing_seq,rf_per_bssid,RogueAP_30.csv,fc_type_nunique,0.2616580778101678
drop_mgmt_phy_timing_seq,rf_per_bssid,RogueAP_30.csv,fc_type_0_ratio,0.22994099229989912
drop_mgmt_phy_timing_seq,rf_per_bssid,RogueAP_30.csv,fc_type_1_ratio,0.05943289905309621
drop_mgmt_phy_timing_seq,rf_per_bssid,RogueAP_30.csv,wlan_duration_min,0.048779244520099574
drop_mgmt_phy_timing_seq,rf_per_bssid,RogueAP_30.csv,frame_len_max,0.03264506541498995
drop_mgmt_phy_timing_seq,rf_per_bssid,RogueAP_30.csv,fc_subtype_13_ratio,0.030573900933434112
drop_mgmt_phy_timing_seq,rf_per_bssid,RogueAP_30.csv,frame_len_range,0.023036597683282672
drop_mgmt_phy_timing_seq,rf_per_bssid,RogueAP_30.csv,fc_ds_00000001_ratio,0.022591618930186155
drop_mgmt_phy_timing_seq,rf_per_bssid,RogueAP_30.csv,fc_subtype_11_ratio,0.022551112984997145
drop_mgmt_phy_timing_seq,rf_per_bssid,RogueAP_30.csv,wlan_duration_p50,0.022278614669898316
drop_mgmt_phy_timing_seq,rf_per_bssid,RogueAP_30.csv,fc_type_2_ratio,0.019015101951639846
drop_mgmt_phy_timing_seq,rf_per_bssid,RogueAP_30.csv,retry_ratio,0.01885426945819004
drop_mgmt_phy_timing_seq,rf_per_bssid,RogueAP_30.csv,frame_len_std,0.01823585257457674
drop_mgmt_phy_timing_seq,rf_per_bssid,RogueAP_30.csv,fc_ds_00000000_ratio,0.017477883741825937
drop_mgmt_phy_timing_seq,rf_per_bssid,RogueAP_30.csv,frame_len_mean,0.01518120461850437
drop_mgmt_phy_timing_seq,xgb_per_bssid,RogueAP_31.csv,fc_type_nunique,0.3968054950237274
drop_mgmt_phy_timing_seq,xgb_per_bssid,RogueAP_31.csv,fc_type_0_ratio,0.15396127104759216
drop_mgmt_phy_timing_seq,xgb_per_bssid,RogueAP_31.csv,frame_len_max,0.035713545978069305
drop_mgmt_phy_timing_seq,xgb_per_bssid,RogueAP_31.csv,fc_type_1_ratio,0.02750062569975853
drop_mgmt_phy_timing_seq,xgb_per_bssid,RogueAP_31.csv,ip_proto_present_ratio,0.022184913977980614
drop_mgmt_phy_timing_seq,xgb_per_bssid,RogueAP_31.csv,fc_ds_00000001_ratio,0.0211406871676445
drop_mgmt_phy_timing_seq,xgb_per_bssid,RogueAP_31.csv,fc_ds_00000000_ratio,0.021019347012043
drop_mgmt_phy_timing_seq,xgb_per_bssid,RogueAP_31.csv,frame_len_range,0.01733035035431385
drop_mgmt_phy_timing_seq,xgb_per_bssid,RogueAP_31.csv,fc_subtype_11_ratio,0.017302049323916435
drop_mgmt_phy_timing_seq,xgb_per_bssid,RogueAP_31.csv,fc_type_2_ratio,0.01518781203776598
drop_mgmt_phy_timing_seq,xgb_per_bssid,RogueAP_31.csv,fc_subtype_13_ratio,0.015015969052910805
drop_mgmt_phy_timing_seq,xgb_per_bssid,RogueAP_31.csv,tcp_syn_present_ratio,0.014410174451768398
drop_mgmt_phy_timing_seq,xgb_per_bssid,RogueAP_31.csv,fc_subtype_0_ratio,0.0141177698969841
drop_mgmt_phy_timing_seq,xgb_per_bssid,RogueAP_31.csv,udp_length_present_ratio,0.013199349865317345
drop_mgmt_phy_timing_seq,xgb_per_bssid,RogueAP_31.csv,fc_subtype_12_ratio,0.01309613324701786
drop_mgmt_phy_timing_seq,rf_per_bssid,RogueAP_31.csv,fc_type_nunique,0.27490470708671655
drop_mgmt_phy_timing_seq,rf_per_bssid,RogueAP_31.csv,fc_type_0_ratio,0.21767910118760211
drop_mgmt_phy_timing_seq,rf_per_bssid,RogueAP_31.csv,fc_type_1_ratio,0.0561593608566563
drop_mgmt_phy_timing_seq,rf_per_bssid,RogueAP_31.csv,wlan_duration_min,0.0458185362204329
drop_mgmt_phy_timing_seq,rf_per_bssid,RogueAP_31.csv,frame_len_max,0.034672426237384674
drop_mgmt_phy_timing_seq,rf_per_bssid,RogueAP_31.csv,fc_subtype_13_ratio,0.029521323822689315
drop_mgmt_phy_timing_seq,rf_per_bssid,RogueAP_31.csv,frame_len_range,0.026862296284489648
drop_mgmt_phy_timing_seq,rf_per_bssid,RogueAP_31.csv,fc_ds_00000001_ratio,0.02413320484458014
drop_mgmt_phy_timing_seq,rf_per_bssid,RogueAP_31.csv,fc_subtype_11_ratio,0.023370017296895147
drop_mgmt_phy_timing_seq,rf_per_bssid,RogueAP_31.csv,wlan_duration_p50,0.02328718886710403
drop_mgmt_phy_timing_seq,rf_per_bssid,RogueAP_31.csv,frame_len_std,0.019116102568032013
drop_mgmt_phy_timing_seq,rf_per_bssid,RogueAP_31.csv,retry_ratio,0.01887908421753597
drop_mgmt_phy_timing_seq,rf_per_bssid,RogueAP_31.csv,fc_ds_00000000_ratio,0.015782401705105004
drop_mgmt_phy_timing_seq,rf_per_bssid,RogueAP_31.csv,fc_type_2_ratio,0.014764674592048964
drop_mgmt_phy_timing_seq,rf_per_bssid,RogueAP_31.csv,frame_len_mean,0.012936926725665446
drop_mgmt_phy_timing_seq,xgb_per_bssid,RogueAP_32.csv,fc_type_nunique,0.388566255569458
drop_mgmt_phy_timing_seq,xgb_per_bssid,RogueAP_32.csv,fc_type_0_ratio,0.15740534663200378
drop_mgmt_phy_timing_seq,xgb_per_bssid,RogueAP_32.csv,frame_len_max,0.031739652156829834
drop_mgmt_phy_timing_seq,xgb_per_bssid,RogueAP_32.csv,fc_type_1_ratio,0.027130160480737686
drop_mgmt_phy_timing_seq,xgb_per_bssid,RogueAP_32.csv,ip_proto_present_ratio,0.024361424148082733
drop_mgmt_phy_timing_seq,xgb_per_bssid,RogueAP_32.csv,fc_ds_00000000_ratio,0.02369663305580616
drop_mgmt_phy_timing_seq,xgb_per_bssid,RogueAP_32.csv,tcp_syn_present_ratio,0.02207626961171627
drop_mgmt_phy_timing_seq,xgb_per_bssid,RogueAP_32.csv,fc_ds_00000001_ratio,0.019473006948828697
drop_mgmt_phy_timing_seq,xgb_per_bssid,RogueAP_32.csv,fc_subtype_0_ratio,0.016368946060538292
drop_mgmt_phy_timing_seq,xgb_per_bssid,RogueAP_32.csv,fc_subtype_11_ratio,0.015777209773659706
drop_mgmt_phy_timing_seq,xgb_per_bssid,RogueAP_32.csv,frame_len_p50,0.015383913181722164
drop_mgmt_phy_timing_seq,xgb_per_bssid,RogueAP_32.csv,retry_ratio,0.014425375498831272
drop_mgmt_phy_timing_seq,xgb_per_bssid,RogueAP_32.csv,fc_subtype_nunique,0.01430696900933981
drop_mgmt_phy_timing_seq,xgb_per_bssid,RogueAP_32.csv,frame_len_range,0.014219410717487335
drop_mgmt_phy_timing_seq,xgb_per_bssid,RogueAP_32.csv,udp_length_present_ratio,0.013574632816016674
drop_mgmt_phy_timing_seq,rf_per_bssid,RogueAP_32.csv,fc_type_nunique,0.2631213441398738
drop_mgmt_phy_timing_seq,rf_per_bssid,RogueAP_32.csv,fc_type_0_ratio,0.23026799680435078
drop_mgmt_phy_timing_seq,rf_per_bssid,RogueAP_32.csv,fc_type_1_ratio,0.05695052022304329
drop_mgmt_phy_timing_seq,rf_per_bssid,RogueAP_32.csv,wlan_duration_min,0.04816611126246339
drop_mgmt_phy_timing_seq,rf_per_bssid,RogueAP_32.csv,frame_len_max,0.03494847232846225
drop_mgmt_phy_timing_seq,rf_per_bssid,RogueAP_32.csv,fc_subtype_13_ratio,0.03447701605162021
drop_mgmt_phy_timing_seq,rf_per_bssid,RogueAP_32.csv,frame_len_range,0.02664629042223744
drop_mgmt_phy_timing_seq,rf_per_bssid,RogueAP_32.csv,fc_ds_00000001_ratio,0.023440457354634257
drop_mgmt_phy_timing_seq,rf_per_bssid,RogueAP_32.csv,fc_subtype_11_ratio,0.02226527663787054
drop_mgmt_phy_timing_seq,rf_per_bssid,RogueAP_32.csv,wlan_duration_p50,0.020137418720627468
drop_mgmt_phy_timing_seq,rf_per_bssid,RogueAP_32.csv,retry_ratio,0.0179720225404281
drop_mgmt_phy_timing_seq,rf_per_bssid,RogueAP_32.csv,frame_len_std,0.017751361124539396
drop_mgmt_phy_timing_seq,rf_per_bssid,RogueAP_32.csv,fc_ds_00000000_ratio,0.016251309844712146
drop_mgmt_phy_timing_seq,rf_per_bssid,RogueAP_32.csv,fc_type_2_ratio,0.01603730163903807
drop_mgmt_phy_timing_seq,rf_per_bssid,RogueAP_32.csv,frame_len_p75,0.014552375128972016
drop_mgmt_phy_timing_seq,xgb_per_bssid,RogueAP_33.csv,fc_type_nunique,0.3729858994483948
drop_mgmt_phy_timing_seq,xgb_per_bssid,RogueAP_33.csv,fc_type_0_ratio,0.18653181195259094
drop_mgmt_phy_timing_seq,xgb_per_bssid,RogueAP_33.csv,fc_type_1_ratio,0.02768305130302906
drop_mgmt_phy_timing_seq,xgb_per_bssid,RogueAP_33.csv,frame_len_max,0.02477305755019188
drop_mgmt_phy_timing_seq,xgb_per_bssid,RogueAP_33.csv,fc_ds_00000000_ratio,0.02378443256020546
drop_mgmt_phy_timing_seq,xgb_per_bssid,RogueAP_33.csv,tcp_syn_present_ratio,0.017727388069033623
drop_mgmt_phy_timing_seq,xgb_per_bssid,RogueAP_33.csv,fc_ds_00000001_ratio,0.016887113451957703
drop_mgmt_phy_timing_seq,xgb_per_bssid,RogueAP_33.csv,ip_proto_present_ratio,0.016440313309431076
drop_mgmt_phy_timing_seq,xgb_per_bssid,RogueAP_33.csv,frame_len_range,0.01567629911005497
drop_mgmt_phy_timing_seq,xgb_per_bssid,RogueAP_33.csv,moredata_ratio,0.015627652406692505
drop_mgmt_phy_timing_seq,xgb_per_bssid,RogueAP_33.csv,retry_ratio,0.014909312129020691
drop_mgmt_phy_timing_seq,xgb_per_bssid,RogueAP_33.csv,fc_subtype_11_ratio,0.01417679712176323
drop_mgmt_phy_timing_seq,xgb_per_bssid,RogueAP_33.csv,fc_subtype_0_ratio,0.013581681996583939
drop_mgmt_phy_timing_seq,xgb_per_bssid,RogueAP_33.csv,fc_subtype_13_ratio,0.013180854730308056
drop_mgmt_phy_timing_seq,xgb_per_bssid,RogueAP_33.csv,fc_subtype_nunique,0.01213205698877573
drop_mgmt_phy_timing_seq,rf_per_bssid,RogueAP_33.csv,fc_type_nunique,0.26709094435143166
drop_mgmt_phy_timing_seq,rf_per_bssid,RogueAP_33.csv,fc_type_0_ratio,0.2224167395824232
drop_mgmt_phy_timing_seq,rf_per_bssid,RogueAP_33.csv,fc_type_1_ratio,0.05679840358606092
drop_mgmt_phy_timing_seq,rf_per_bssid,RogueAP_33.csv,wlan_duration_min,0.04943618427245158
drop_mgmt_phy_timing_seq,rf_per_bssid,RogueAP_33.csv,frame_len_max,0.03593324970091166
drop_mgmt_phy_timing_seq,rf_per_bssid,RogueAP_33.csv,fc_subtype_13_ratio,0.03575901298886592
drop_mgmt_phy_timing_seq,rf_per_bssid,RogueAP_33.csv,frame_len_range,0.026010930548672588
drop_mgmt_phy_timing_seq,rf_per_bssid,RogueAP_33.csv,fc_ds_00000001_ratio,0.024097720652723153
drop_mgmt_phy_timing_seq,rf_per_bssid,RogueAP_33.csv,wlan_duration_p50,0.02234689322521656
drop_mgmt_phy_timing_seq,rf_per_bssid,RogueAP_33.csv,fc_subtype_11_ratio,0.021083336301301808
drop_mgmt_phy_timing_seq,rf_per_bssid,RogueAP_33.csv,retry_ratio,0.019219368267902645
drop_mgmt_phy_timing_seq,rf_per_bssid,RogueAP_33.csv,fc_ds_00000000_ratio,0.01663879176631596
drop_mgmt_phy_timing_seq,rf_per_bssid,RogueAP_33.csv,frame_len_std,0.015974972760330802
drop_mgmt_phy_timing_seq,rf_per_bssid,RogueAP_33.csv,fc_type_2_ratio,0.01465697167976032
drop_mgmt_phy_timing_seq,rf_per_bssid,RogueAP_33.csv,fc_subtype_8_ratio,0.01371993215633454
drop_mgmt_phy_timing_seq,xgb_per_bssid,RogueAP_34.csv,fc_type_nunique,0.36848577857017517
drop_mgmt_phy_timing_seq,xgb_per_bssid,RogueAP_34.csv,fc_type_0_ratio,0.17755404114723206
drop_mgmt_phy_timing_seq,xgb_per_bssid,RogueAP_34.csv,fc_ds_00000000_ratio,0.03175434470176697
drop_mgmt_phy_timing_seq,xgb_per_bssid,RogueAP_34.csv,ip_proto_present_ratio,0.027042701840400696
drop_mgmt_phy_timing_seq,xgb_per_bssid,RogueAP_34.csv,fc_type_1_ratio,0.026808451861143112
drop_mgmt_phy_timing_seq,xgb_per_bssid,RogueAP_34.csv,frame_len_max,0.022712407633662224
drop_mgmt_phy_timing_seq,xgb_per_bssid,RogueAP_34.csv,frame_len_range,0.01842537149786949
drop_mgmt_phy_timing_seq,xgb_per_bssid,RogueAP_34.csv,fc_subtype_11_ratio,0.01633124053478241
drop_mgmt_phy_timing_seq,xgb_per_bssid,RogueAP_34.csv,fc_ds_00000001_ratio,0.015923216938972473
drop_mgmt_phy_timing_seq,xgb_per_bssid,RogueAP_34.csv,tcp_syn_present_ratio,0.01524511817842722
drop_mgmt_phy_timing_seq,xgb_per_bssid,RogueAP_34.csv,retry_ratio,0.014876573346555233
drop_mgmt_phy_timing_seq,xgb_per_bssid,RogueAP_34.csv,llc_present_ratio,0.01394354086369276
drop_mgmt_phy_timing_seq,xgb_per_bssid,RogueAP_34.csv,frame_len_p50,0.013617966324090958
drop_mgmt_phy_timing_seq,xgb_per_bssid,RogueAP_34.csv,fc_subtype_13_ratio,0.01361609622836113
drop_mgmt_phy_timing_seq,xgb_per_bssid,RogueAP_34.csv,fc_subtype_0_ratio,0.012837158516049385
drop_mgmt_phy_timing_seq,rf_per_bssid,RogueAP_34.csv,fc_type_nunique,0.260371719099722
drop_mgmt_phy_timing_seq,rf_per_bssid,RogueAP_34.csv,fc_type_0_ratio,0.22576318714305194
drop_mgmt_phy_timing_seq,rf_per_bssid,RogueAP_34.csv,fc_type_1_ratio,0.05612846082309175
drop_mgmt_phy_timing_seq,rf_per_bssid,RogueAP_34.csv,wlan_duration_min,0.04834292527964236
drop_mgmt_phy_timing_seq,rf_per_bssid,RogueAP_34.csv,frame_len_max,0.0350142115016117
drop_mgmt_phy_timing_seq,rf_per_bssid,RogueAP_34.csv,fc_subtype_13_ratio,0.03256597606399477
drop_mgmt_phy_timing_seq,rf_per_bssid,RogueAP_34.csv,frame_len_range,0.02376603852894235
drop_mgmt_phy_timing_seq,rf_per_bssid,RogueAP_34.csv,fc_ds_00000001_ratio,0.023209823019887645
drop_mgmt_phy_timing_seq,rf_per_bssid,RogueAP_34.csv,fc_subtype_11_ratio,0.02233463365607525
drop_mgmt_phy_timing_seq,rf_per_bssid,RogueAP_34.csv,retry_ratio,0.022102438906544633
drop_mgmt_phy_timing_seq,rf_per_bssid,RogueAP_34.csv,frame_len_std,0.01953647483913645
drop_mgmt_phy_timing_seq,rf_per_bssid,RogueAP_34.csv,wlan_duration_p50,0.019085582254245254
drop_mgmt_phy_timing_seq,rf_per_bssid,RogueAP_34.csv,fc_ds_00000000_ratio,0.016778794546207246
drop_mgmt_phy_timing_seq,rf_per_bssid,RogueAP_34.csv,frame_len_p75,0.014552502521360533
drop_mgmt_phy_timing_seq,rf_per_bssid,RogueAP_34.csv,fc_type_2_ratio,0.014481173062674454
drop_mgmt_phy_timing_seq,xgb_per_bssid,RogueAP_35.csv,fc_type_nunique,0.3987634778022766
drop_mgmt_phy_timing_seq,xgb_per_bssid,RogueAP_35.csv,fc_type_0_ratio,0.19422802329063416
drop_mgmt_phy_timing_seq,xgb_per_bssid,RogueAP_35.csv,frame_len_max,0.02866065688431263
drop_mgmt_phy_timing_seq,xgb_per_bssid,RogueAP_35.csv,fc_type_1_ratio,0.025068877264857292
drop_mgmt_phy_timing_seq,xgb_per_bssid,RogueAP_35.csv,ip_proto_present_ratio,0.024598853662610054
drop_mgmt_phy_timing_seq,xgb_per_bssid,RogueAP_35.csv,llc_present_ratio,0.020797230303287506
drop_mgmt_phy_timing_seq,xgb_per_bssid,RogueAP_35.csv,fc_subtype_11_ratio,0.017419781535863876
drop_mgmt_phy_timing_seq,xgb_per_bssid,RogueAP_35.csv,fc_subtype_8_ratio,0.015708085149526596
drop_mgmt_phy_timing_seq,xgb_per_bssid,RogueAP_35.csv,udp_length_present_ratio,0.0154661163687706
drop_mgmt_phy_timing_seq,xgb_per_bssid,RogueAP_35.csv,fc_ds_00000001_ratio,0.015398639254271984
drop_mgmt_phy_timing_seq,xgb_per_bssid,RogueAP_35.csv,frame_len_range,0.014496915973722935
drop_mgmt_phy_timing_seq,xgb_per_bssid,RogueAP_35.csv,fc_subtype_13_ratio,0.01445020455867052
drop_mgmt_phy_timing_seq,xgb_per_bssid,RogueAP_35.csv,retry_ratio,0.0141728725284338
drop_mgmt_phy_timing_seq,xgb_per_bssid,RogueAP_35.csv,fc_subtype_0_ratio,0.013399375602602959
drop_mgmt_phy_timing_seq,xgb_per_bssid,RogueAP_35.csv,tcp_syn_present_ratio,0.013319863937795162
drop_mgmt_phy_timing_seq,rf_per_bssid,RogueAP_35.csv,fc_type_nunique,0.27366075232405696
drop_mgmt_phy_timing_seq,rf_per_bssid,RogueAP_35.csv,fc_type_0_ratio,0.21722468993713584
drop_mgmt_phy_timing_seq,rf_per_bssid,RogueAP_35.csv,wlan_duration_min,0.05283337270844177
drop_mgmt_phy_timing_seq,rf_per_bssid,RogueAP_35.csv,fc_type_1_ratio,0.05248566691580621
drop_mgmt_phy_timing_seq,rf_per_bssid,RogueAP_35.csv,frame_len_max,0.03558699001191366
drop_mgmt_phy_timing_seq,rf_per_bssid,RogueAP_35.csv,fc_subtype_13_ratio,0.03189164381374777
drop_mgmt_phy_timing_seq,rf_per_bssid,RogueAP_35.csv,frame_len_range,0.02507964346405764
drop_mgmt_phy_timing_seq,rf_per_bssid,RogueAP_35.csv,fc_subtype_11_ratio,0.022741507204909438
drop_mgmt_phy_timing_seq,rf_per_bssid,RogueAP_35.csv,fc_ds_00000001_ratio,0.02066129091786562
drop_mgmt_phy_timing_seq,rf_per_bssid,RogueAP_35.csv,retry_ratio,0.018884092160717653
drop_mgmt_phy_timing_seq,rf_per_bssid,RogueAP_35.csv,fc_subtype_8_ratio,0.017924200272399046
drop_mgmt_phy_timing_seq,rf_per_bssid,RogueAP_35.csv,frame_len_std,0.016845593971329856
drop_mgmt_phy_timing_seq,rf_per_bssid,RogueAP_35.csv,fc_ds_00000000_ratio,0.016145286598202253
drop_mgmt_phy_timing_seq,rf_per_bssid,RogueAP_35.csv,wlan_duration_p50,0.015974829547190126
drop_mgmt_phy_timing_seq,rf_per_bssid,RogueAP_35.csv,frame_len_p75,0.015368090243590352
drop_mgmt_phy_timing_seq,xgb_per_bssid,RogueAP_36.csv,fc_type_nunique,0.3555549383163452
drop_mgmt_phy_timing_seq,xgb_per_bssid,RogueAP_36.csv,fc_type_0_ratio,0.19395586848258972
drop_mgmt_phy_timing_seq,xgb_per_bssid,RogueAP_36.csv,llc_present_ratio,0.03660663962364197
drop_mgmt_phy_timing_seq,xgb_per_bssid,RogueAP_36.csv,frame_len_max,0.026224659755825996
drop_mgmt_phy_timing_seq,xgb_per_bssid,RogueAP_36.csv,fc_type_1_ratio,0.02554723247885704
drop_mgmt_phy_timing_seq,xgb_per_bssid,RogueAP_36.csv,fc_ds_00000000_ratio,0.02323569916188717
drop_mgmt_phy_timing_seq,xgb_per_bssid,RogueAP_36.csv,tcp_syn_present_ratio,0.020684203132987022
drop_mgmt_phy_timing_seq,xgb_per_bssid,RogueAP_36.csv,fc_ds_00000001_ratio,0.020545262843370438
drop_mgmt_phy_timing_seq,xgb_per_bssid,RogueAP_36.csv,frame_len_range,0.017076553776860237
drop_mgmt_phy_timing_seq,xgb_per_bssid,RogueAP_36.csv,fc_subtype_11_ratio,0.01688173972070217
drop_mgmt_phy_timing_seq,xgb_per_bssid,RogueAP_36.csv,retry_ratio,0.016172606498003006
drop_mgmt_phy_timing_seq,xgb_per_bssid,RogueAP_36.csv,fc_subtype_0_ratio,0.015046759508550167
drop_mgmt_phy_timing_seq,xgb_per_bssid,RogueAP_36.csv,udp_length_present_ratio,0.01384905818849802
drop_mgmt_phy_timing_seq,xgb_per_bssid,RogueAP_36.csv,fc_subtype_13_ratio,0.012461982667446136
drop_mgmt_phy_timing_seq,xgb_per_bssid,RogueAP_36.csv,fc_ds_00000002_ratio,0.012223318219184875
drop_mgmt_phy_timing_seq,rf_per_bssid,RogueAP_36.csv,fc_type_nunique,0.26151583427700587
drop_mgmt_phy_timing_seq,rf_per_bssid,RogueAP_36.csv,fc_type_0_ratio,0.23160370243440742
drop_mgmt_phy_timing_seq,rf_per_bssid,RogueAP_36.csv,fc_type_1_ratio,0.0562597356990817
drop_mgmt_phy_timing_seq,rf_per_bssid,RogueAP_36.csv,wlan_duration_min,0.046161483839895885
drop_mgmt_phy_timing_seq,rf_per_bssid,RogueAP_36.csv,frame_len_max,0.036293871591810224
drop_mgmt_phy_timing_seq,rf_per_bssid,RogueAP_36.csv,fc_subtype_13_ratio,0.03612442016115329
drop_mgmt_phy_timing_seq,rf_per_bssid,RogueAP_36.csv,frame_len_range,0.025577493944227907
drop_mgmt_phy_timing_seq,rf_per_bssid,RogueAP_36.csv,fc_ds_00000001_ratio,0.0238346185999445
drop_mgmt_phy_timing_seq,rf_per_bssid,RogueAP_36.csv,retry_ratio,0.02083834213782008
drop_mgmt_phy_timing_seq,rf_per_bssid,RogueAP_36.csv,wlan_duration_p50,0.019436751730026812
drop_mgmt_phy_timing_seq,rf_per_bssid,RogueAP_36.csv,frame_len_std,0.019250735518957743
drop_mgmt_phy_timing_seq,rf_per_bssid,RogueAP_36.csv,fc_subtype_11_ratio,0.01889080066679157
drop_mgmt_phy_timing_seq,rf_per_bssid,RogueAP_36.csv,fc_ds_00000000_ratio,0.015303894390614524
drop_mgmt_phy_timing_seq,rf_per_bssid,RogueAP_36.csv,frame_len_mean,0.01517935610545001
drop_mgmt_phy_timing_seq,rf_per_bssid,RogueAP_36.csv,frame_len_p75,0.0137682885742763
drop_mgmt_phy_timing_seq,xgb_per_bssid,RogueAP_37.csv,fc_type_nunique,0.3616334795951843
drop_mgmt_phy_timing_seq,xgb_per_bssid,RogueAP_37.csv,fc_type_0_ratio,0.17610783874988556
drop_mgmt_phy_timing_seq,xgb_per_bssid,RogueAP_37.csv,frame_len_max,0.03271505609154701
drop_mgmt_phy_timing_seq,xgb_per_bssid,RogueAP_37.csv,ip_proto_present_ratio,0.02932259440422058
drop_mgmt_phy_timing_seq,xgb_per_bssid,RogueAP_37.csv,fc_type_1_ratio,0.02415369264781475
drop_mgmt_phy_timing_seq,xgb_per_bssid,RogueAP_37.csv,fc_type_2_ratio,0.02147764526307583
drop_mgmt_phy_timing_seq,xgb_per_bssid,RogueAP_37.csv,fc_ds_00000001_ratio,0.02107909694314003
drop_mgmt_phy_timing_seq,xgb_per_bssid,RogueAP_37.csv,fc_ds_00000000_ratio,0.0177697092294693
drop_mgmt_phy_timing_seq,xgb_per_bssid,RogueAP_37.csv,tcp_syn_present_ratio,0.01730956695973873
drop_mgmt_phy_timing_seq,xgb_per_bssid,RogueAP_37.csv,frame_len_range,0.01453451719135046
drop_mgmt_phy_timing_seq,xgb_per_bssid,RogueAP_37.csv,retry_ratio,0.014489714056253433
drop_mgmt_phy_timing_seq,xgb_per_bssid,RogueAP_37.csv,udp_length_present_ratio,0.01368671003729105
drop_mgmt_phy_timing_seq,xgb_per_bssid,RogueAP_37.csv,fc_subtype_nunique,0.013269966468214989
drop_mgmt_phy_timing_seq,xgb_per_bssid,RogueAP_37.csv,fc_subtype_13_ratio,0.012973951175808907
drop_mgmt_phy_timing_seq,xgb_per_bssid,RogueAP_37.csv,frame_len_p50,0.012751692906022072
drop_mgmt_phy_timing_seq,rf_per_bssid,RogueAP_37.csv,fc_type_nunique,0.2546619516242174
drop_mgmt_phy_timing_seq,rf_per_bssid,RogueAP_37.csv,fc_type_0_ratio,0.2243396656090175
drop_mgmt_phy_timing_seq,rf_per_bssid,RogueAP_37.csv,fc_type_1_ratio,0.05650628542715038
drop_mgmt_phy_timing_seq,rf_per_bssid,RogueAP_37.csv,wlan_duration_min,0.04589480376228938
drop_mgmt_phy_timing_seq,rf_per_bssid,RogueAP_37.csv,frame_len_max,0.03789984805447192
drop_mgmt_phy_timing_seq,rf_per_bssid,RogueAP_37.csv,fc_subtype_13_ratio,0.0368123152507735
drop_mgmt_phy_timing_seq,rf_per_bssid,RogueAP_37.csv,frame_len_range,0.025916290309516875
drop_mgmt_phy_timing_seq,rf_per_bssid,RogueAP_37.csv,fc_ds_00000001_ratio,0.021797322520174463
drop_mgmt_phy_timing_seq,rf_per_bssid,RogueAP_37.csv,wlan_duration_p50,0.021362495714745976
drop_mgmt_phy_timing_seq,rf_per_bssid,RogueAP_37.csv,fc_subtype_11_ratio,0.020594874005802812
drop_mgmt_phy_timing_seq,rf_per_bssid,RogueAP_37.csv,frame_len_std,0.01990155963417733
drop_mgmt_phy_timing_seq,rf_per_bssid,RogueAP_37.csv,retry_ratio,0.018429974257150445
drop_mgmt_phy_timing_seq,rf_per_bssid,RogueAP_37.csv,fc_ds_00000000_ratio,0.017354447795006004
drop_mgmt_phy_timing_seq,rf_per_bssid,RogueAP_37.csv,fc_type_2_ratio,0.016115318559917192
drop_mgmt_phy_timing_seq,rf_per_bssid,RogueAP_37.csv,frame_len_mean,0.015501178376440706
drop_mgmt_phy_timing_seq,xgb_per_bssid,RogueAP_38.csv,fc_type_nunique,0.3687739670276642
drop_mgmt_phy_timing_seq,xgb_per_bssid,RogueAP_38.csv,fc_type_0_ratio,0.18438510596752167
drop_mgmt_phy_timing_seq,xgb_per_bssid,RogueAP_38.csv,frame_len_max,0.027760012075304985
drop_mgmt_phy_timing_seq,xgb_per_bssid,RogueAP_38.csv,fc_type_1_ratio,0.02461516670882702
drop_mgmt_phy_timing_seq,xgb_per_bssid,RogueAP_38.csv,fc_ds_00000001_ratio,0.02309921197593212
drop_mgmt_phy_timing_seq,xgb_per_bssid,RogueAP_38.csv,ip_proto_present_ratio,0.017607439309358597
drop_mgmt_phy_timing_seq,xgb_per_bssid,RogueAP_38.csv,retry_ratio,0.016662849113345146
drop_mgmt_phy_timing_seq,xgb_per_bssid,RogueAP_38.csv,fc_subtype_0_ratio,0.01620016247034073
drop_mgmt_phy_timing_seq,xgb_per_bssid,RogueAP_38.csv,fc_ds_00000000_ratio,0.01581927202641964
drop_mgmt_phy_timing_seq,xgb_per_bssid,RogueAP_38.csv,fc_type_2_ratio,0.015773331746459007
drop_mgmt_phy_timing_seq,xgb_per_bssid,RogueAP_38.csv,frame_len_range,0.015554094687104225
drop_mgmt_phy_timing_seq,xgb_per_bssid,RogueAP_38.csv,fc_subtype_11_ratio,0.014387226663529873
drop_mgmt_phy_timing_seq,xgb_per_bssid,RogueAP_38.csv,frame_len_p50,0.01370264869183302
drop_mgmt_phy_timing_seq,xgb_per_bssid,RogueAP_38.csv,fc_subtype_13_ratio,0.013550247065722942
drop_mgmt_phy_timing_seq,xgb_per_bssid,RogueAP_38.csv,tcp_syn_present_ratio,0.013523925095796585
drop_mgmt_phy_timing_seq,rf_per_bssid,RogueAP_38.csv,fc_type_nunique,0.26000706727054596
drop_mgmt_phy_timing_seq,rf_per_bssid,RogueAP_38.csv,fc_type_0_ratio,0.2316434050981166
drop_mgmt_phy_timing_seq,rf_per_bssid,RogueAP_38.csv,fc_type_1_ratio,0.057630699445056985
drop_mgmt_phy_timing_seq,rf_per_bssid,RogueAP_38.csv,wlan_duration_min,0.04341076739766195
drop_mgmt_phy_timing_seq,rf_per_bssid,RogueAP_38.csv,frame_len_max,0.033937196301523774
drop_mgmt_phy_timing_seq,rf_per_bssid,RogueAP_38.csv,fc_subtype_13_ratio,0.03311570566856659
drop_mgmt_phy_timing_seq,rf_per_bssid,RogueAP_38.csv,frame_len_range,0.025958395018195857
drop_mgmt_phy_timing_seq,rf_per_bssid,RogueAP_38.csv,fc_ds_00000001_ratio,0.024303302383749805
drop_mgmt_phy_timing_seq,rf_per_bssid,RogueAP_38.csv,wlan_duration_p50,0.020678112408815442
drop_mgmt_phy_timing_seq,rf_per_bssid,RogueAP_38.csv,fc_subtype_11_ratio,0.02038787625620307
drop_mgmt_phy_timing_seq,rf_per_bssid,RogueAP_38.csv,frame_len_std,0.018489435402607505
drop_mgmt_phy_timing_seq,rf_per_bssid,RogueAP_38.csv,fc_ds_00000000_ratio,0.017672957379897606
drop_mgmt_phy_timing_seq,rf_per_bssid,RogueAP_38.csv,retry_ratio,0.017394884336270507
drop_mgmt_phy_timing_seq,rf_per_bssid,RogueAP_38.csv,frame_len_mean,0.015555024201443527
drop_mgmt_phy_timing_seq,rf_per_bssid,RogueAP_38.csv,fc_type_2_ratio,0.015132936381970491
drop_mgmt_phy_timing_seq,xgb_per_bssid,RogueAP_39.csv,fc_type_nunique,0.3687739670276642
drop_mgmt_phy_timing_seq,xgb_per_bssid,RogueAP_39.csv,fc_type_0_ratio,0.18438510596752167
drop_mgmt_phy_timing_seq,xgb_per_bssid,RogueAP_39.csv,frame_len_max,0.027760012075304985
drop_mgmt_phy_timing_seq,xgb_per_bssid,RogueAP_39.csv,fc_type_1_ratio,0.02461516670882702
drop_mgmt_phy_timing_seq,xgb_per_bssid,RogueAP_39.csv,fc_ds_00000001_ratio,0.02309921197593212
drop_mgmt_phy_timing_seq,xgb_per_bssid,RogueAP_39.csv,ip_proto_present_ratio,0.017607439309358597
drop_mgmt_phy_timing_seq,xgb_per_bssid,RogueAP_39.csv,retry_ratio,0.016662849113345146
drop_mgmt_phy_timing_seq,xgb_per_bssid,RogueAP_39.csv,fc_subtype_0_ratio,0.01620016247034073
drop_mgmt_phy_timing_seq,xgb_per_bssid,RogueAP_39.csv,fc_ds_00000000_ratio,0.01581927202641964
drop_mgmt_phy_timing_seq,xgb_per_bssid,RogueAP_39.csv,fc_type_2_ratio,0.015773331746459007
drop_mgmt_phy_timing_seq,xgb_per_bssid,RogueAP_39.csv,frame_len_range,0.015554094687104225
drop_mgmt_phy_timing_seq,xgb_per_bssid,RogueAP_39.csv,fc_subtype_11_ratio,0.014387226663529873
drop_mgmt_phy_timing_seq,xgb_per_bssid,RogueAP_39.csv,frame_len_p50,0.01370264869183302
drop_mgmt_phy_timing_seq,xgb_per_bssid,RogueAP_39.csv,fc_subtype_13_ratio,0.013550247065722942
drop_mgmt_phy_timing_seq,xgb_per_bssid,RogueAP_39.csv,tcp_syn_present_ratio,0.013523925095796585
drop_mgmt_phy_timing_seq,rf_per_bssid,RogueAP_39.csv,fc_type_nunique,0.26000706727054596
drop_mgmt_phy_timing_seq,rf_per_bssid,RogueAP_39.csv,fc_type_0_ratio,0.2316434050981166
drop_mgmt_phy_timing_seq,rf_per_bssid,RogueAP_39.csv,fc_type_1_ratio,0.057630699445056985
drop_mgmt_phy_timing_seq,rf_per_bssid,RogueAP_39.csv,wlan_duration_min,0.04341076739766195
drop_mgmt_phy_timing_seq,rf_per_bssid,RogueAP_39.csv,frame_len_max,0.033937196301523774
drop_mgmt_phy_timing_seq,rf_per_bssid,RogueAP_39.csv,fc_subtype_13_ratio,0.03311570566856659
drop_mgmt_phy_timing_seq,rf_per_bssid,RogueAP_39.csv,frame_len_range,0.025958395018195857
drop_mgmt_phy_timing_seq,rf_per_bssid,RogueAP_39.csv,fc_ds_00000001_ratio,0.024303302383749805
drop_mgmt_phy_timing_seq,rf_per_bssid,RogueAP_39.csv,wlan_duration_p50,0.020678112408815442
drop_mgmt_phy_timing_seq,rf_per_bssid,RogueAP_39.csv,fc_subtype_11_ratio,0.02038787625620307
drop_mgmt_phy_timing_seq,rf_per_bssid,RogueAP_39.csv,frame_len_std,0.018489435402607505
drop_mgmt_phy_timing_seq,rf_per_bssid,RogueAP_39.csv,fc_ds_00000000_ratio,0.017672957379897606
drop_mgmt_phy_timing_seq,rf_per_bssid,RogueAP_39.csv,retry_ratio,0.017394884336270507
drop_mgmt_phy_timing_seq,rf_per_bssid,RogueAP_39.csv,frame_len_mean,0.015555024201443527
drop_mgmt_phy_timing_seq,rf_per_bssid,RogueAP_39.csv,fc_type_2_ratio,0.015132936381970491
